[    2430ms] [LOG] JQMIGRATE: Migrate is installed, version 3.4.1 @ https://motchilltv.uno/wp-includes/js/jquery/jquery-migrate.min.js?ver=3.4.1:1
[    7421ms] [LOG] JQMIGRATE: Migrate is installed, version 3.4.1 @ https://motchilltv.uno/wp-includes/js/jquery/jquery-migrate.min.js?ver=3.4.1:1
[    8690ms] [LOG] %c ArtPlayer %c 5.4.0 %c https://artplayer.org color: #fff; background: #5f5f5f color: #fff; background: #4bc729  @ https://player.phimapi.com/player/assets/artplayer.js?v=1780335844:6
[ 2005730ms] [LOG] JQMIGRATE: Migrate is installed, version 3.4.1 @ https://motchilltv.uno/wp-includes/js/jquery/jquery-migrate.min.js?ver=3.4.1:1
[ 2006708ms] [LOG] %c ArtPlayer %c 5.4.0 %c https://artplayer.org color: #fff; background: #5f5f5f color: #fff; background: #4bc729  @ https://player.phimapi.com/player/assets/artplayer.js?v=1780335844:6
[ 2145975ms] The play() request was interrupted by a call to pause(). https://goo.gl/LdLk22
[ 2145976ms] The play() request was interrupted by a call to pause(). https://goo.gl/LdLk22
[ 2249086ms] [LOG] JQMIGRATE: Migrate is installed, version 3.4.1 @ https://motchilltv.uno/wp-includes/js/jquery/jquery-migrate.min.js?ver=3.4.1:1
[ 2250181ms] [LOG] %c ArtPlayer %c 5.4.0 %c https://artplayer.org color: #fff; background: #5f5f5f color: #fff; background: #4bc729  @ https://player.phimapi.com/player/assets/artplayer.js?v=1780335844:6
[ 2610744ms] [LOG] JSHandle@node @ https://embed11.streamc.xyz/devtools.js:6
[ 2610745ms] [LOG] function s(){} @ https://embed11.streamc.xyz/devtools.js:6
[ 2610745ms] [TABLE] {dep: / /} @ https://embed11.streamc.xyz/devtools.js:6
[ 2610746ms] [LOG] Mon Jul 13 2026 12:17:45 GMT+0700 (Indochina Time) @ https://embed11.streamc.xyz/devtools.js:6
[ 2610746ms] [LOG] {} @ https://embed11.streamc.xyz/devtools.js:6
[ 2610747ms] [TABLE] [Object, Object, Object, Object, Object, Object, Object, Object, Object, Object, Object, Object, Object, Object, Object, Object, Object, Object, Object, Object, Object, Object, Object, Object, Object, Object, Object, Object, Object, Object, Object, Object, Object, Object, Object, Object, Object, Object, Object, Object, Object, Object, Object, Object, Object, Object, Object, Object, Object, Object] @ https://embed11.streamc.xyz/devtools.js:6
[ 2610774ms] [LOG] [Object, Object, Object, Object, Object, Object, Object, Object, Object, Object, Object, Object, Object, Object, Object, Object, Object, Object, Object, Object, Object, Object, Object, Object, Object, Object, Object, Object, Object, Object, Object, Object, Object, Object, Object, Object, Object, Object, Object, Object, Object, Object, Object, Object, Object, Object, Object, Object, Object, Object] @ https://embed11.streamc.xyz/devtools.js:6
[ 2610775ms] [LOG] [Object, Object, Object, Object, Object, Object, Object, Object, Object, Object, Object, Object, Object, Object, Object, Object, Object, Object, Object, Object, Object, Object, Object, Object, Object, Object, Object, Object, Object, Object, Object, Object, Object, Object, Object, Object, Object, Object, Object, Object, Object, Object, Object, Object, Object, Object, Object, Object, Object, Object] @ https://embed11.streamc.xyz/devtools.js:6
[ 2610895ms] [LOG] JSHandle@node @ https://embed11.streamc.xyz/devtools.js:6
[ 2610896ms] [LOG] function s(){} @ https://embed11.streamc.xyz/devtools.js:6
[ 2610896ms] [TABLE] {dep: / /} @ https://embed11.streamc.xyz/devtools.js:6
[ 2610896ms] [LOG] Mon Jul 13 2026 12:17:45 GMT+0700 (Indochina Time) @ https://embed11.streamc.xyz/devtools.js:6
[ 2610896ms] [LOG] {} @ https://embed11.streamc.xyz/devtools.js:6
[ 2610896ms] [TABLE] [Object, Object, Object, Object, Object, Object, Object, Object, Object, Object, Object, Object, Object, Object, Object, Object, Object, Object, Object, Object, Object, Object, Object, Object, Object, Object, Object, Object, Object, Object, Object, Object, Object, Object, Object, Object, Object, Object, Object, Object, Object, Object, Object, Object, Object, Object, Object, Object, Object, Object] @ https://embed11.streamc.xyz/devtools.js:6
[ 2610920ms] [LOG] [Object, Object, Object, Object, Object, Object, Object, Object, Object, Object, Object, Object, Object, Object, Object, Object, Object, Object, Object, Object, Object, Object, Object, Object, Object, Object, Object, Object, Object, Object, Object, Object, Object, Object, Object, Object, Object, Object, Object, Object, Object, Object, Object, Object, Object, Object, Object, Object, Object, Object] @ https://embed11.streamc.xyz/devtools.js:6
[ 2610920ms] [LOG] [Object, Object, Object, Object, Object, Object, Object, Object, Object, Object, Object, Object, Object, Object, Object, Object, Object, Object, Object, Object, Object, Object, Object, Object, Object, Object, Object, Object, Object, Object, Object, Object, Object, Object, Object, Object, Object, Object, Object, Object, Object, Object, Object, Object, Object, Object, Object, Object, Object, Object] @ https://embed11.streamc.xyz/devtools.js:6
[ 2611010ms] [LOG] JSHandle@node @ https://embed11.streamc.xyz/devtools.js:6
[ 2611010ms] [LOG] function s(){} @ https://embed11.streamc.xyz/devtools.js:6
[ 2611010ms] [TABLE] {dep: / /} @ https://embed11.streamc.xyz/devtools.js:6
[ 2611010ms] [LOG] Mon Jul 13 2026 12:17:45 GMT+0700 (Indochina Time) @ https://embed11.streamc.xyz/devtools.js:6
[ 2611011ms] [LOG] {} @ https://embed11.streamc.xyz/devtools.js:6
[ 2611011ms] [TABLE] [Object, Object, Object, Object, Object, Object, Object, Object, Object, Object, Object, Object, Object, Object, Object, Object, Object, Object, Object, Object, Object, Object, Object, Object, Object, Object, Object, Object, Object, Object, Object, Object, Object, Object, Object, Object, Object, Object, Object, Object, Object, Object, Object, Object, Object, Object, Object, Object, Object, Object] @ https://embed11.streamc.xyz/devtools.js:6
[ 2611036ms] [LOG] [Object, Object, Object, Object, Object, Object, Object, Object, Object, Object, Object, Object, Object, Object, Object, Object, Object, Object, Object, Object, Object, Object, Object, Object, Object, Object, Object, Object, Object, Object, Object, Object, Object, Object, Object, Object, Object, Object, Object, Object, Object, Object, Object, Object, Object, Object, Object, Object, Object, Object] @ https://embed11.streamc.xyz/devtools.js:6
[ 2611037ms] [LOG] [Object, Object, Object, Object, Object, Object, Object, Object, Object, Object, Object, Object, Object, Object, Object, Object, Object, Object, Object, Object, Object, Object, Object, Object, Object, Object, Object, Object, Object, Object, Object, Object, Object, Object, Object, Object, Object, Object, Object, Object, Object, Object, Object, Object, Object, Object, Object, Object, Object, Object] @ https://embed11.streamc.xyz/devtools.js:6
[ 2611131ms] [LOG] JSHandle@node @ https://embed11.streamc.xyz/devtools.js:6
[ 2611131ms] [LOG] function s(){} @ https://embed11.streamc.xyz/devtools.js:6
[ 2611131ms] [TABLE] {dep: / /} @ https://embed11.streamc.xyz/devtools.js:6
[ 2611131ms] [LOG] Mon Jul 13 2026 12:17:45 GMT+0700 (Indochina Time) @ https://embed11.streamc.xyz/devtools.js:6
[ 2611131ms] [LOG] {} @ https://embed11.streamc.xyz/devtools.js:6
[ 2611131ms] [TABLE] [Object, Object, Object, Object, Object, Object, Object, Object, Object, Object, Object, Object, Object, Object, Object, Object, Object, Object, Object, Object, Object, Object, Object, Object, Object, Object, Object, Object, Object, Object, Object, Object, Object, Object, Object, Object, Object, Object, Object, Object, Object, Object, Object, Object, Object, Object, Object, Object, Object, Object] @ https://embed11.streamc.xyz/devtools.js:6
[ 2611157ms] [LOG] [Object, Object, Object, Object, Object, Object, Object, Object, Object, Object, Object, Object, Object, Object, Object, Object, Object, Object, Object, Object, Object, Object, Object, Object, Object, Object, Object, Object, Object, Object, Object, Object, Object, Object, Object, Object, Object, Object, Object, Object, Object, Object, Object, Object, Object, Object, Object, Object, Object, Object] @ https://embed11.streamc.xyz/devtools.js:6
[ 2611157ms] [LOG] [Object, Object, Object, Object, Object, Object, Object, Object, Object, Object, Object, Object, Object, Object, Object, Object, Object, Object, Object, Object, Object, Object, Object, Object, Object, Object, Object, Object, Object, Object, Object, Object, Object, Object, Object, Object, Object, Object, Object, Object, Object, Object, Object, Object, Object, Object, Object, Object, Object, Object] @ https://embed11.streamc.xyz/devtools.js:6
[ 2611263ms] [LOG] JSHandle@node @ https://embed11.streamc.xyz/devtools.js:6
[ 2611263ms] [LOG] function s(){} @ https://embed11.streamc.xyz/devtools.js:6
[ 2611264ms] [TABLE] {dep: / /} @ https://embed11.streamc.xyz/devtools.js:6
[ 2611264ms] [LOG] Mon Jul 13 2026 12:17:45 GMT+0700 (Indochina Time) @ https://embed11.streamc.xyz/devtools.js:6
[ 2611264ms] [LOG] {} @ https://embed11.streamc.xyz/devtools.js:6
[ 2611264ms] [TABLE] [Object, Object, Object, Object, Object, Object, Object, Object, Object, Object, Object, Object, Object, Object, Object, Object, Object, Object, Object, Object, Object, Object, Object, Object, Object, Object, Object, Object, Object, Object, Object, Object, Object, Object, Object, Object, Object, Object, Object, Object, Object, Object, Object, Object, Object, Object, Object, Object, Object, Object] @ https://embed11.streamc.xyz/devtools.js:6
[ 2611288ms] [LOG] [Object, Object, Object, Object, Object, Object, Object, Object, Object, Object, Object, Object, Object, Object, Object, Object, Object, Object, Object, Object, Object, Object, Object, Object, Object, Object, Object, Object, Object, Object, Object, Object, Object, Object, Object, Object, Object, Object, Object, Object, Object, Object, Object, Object, Object, Object, Object, Object, Object, Object] @ https://embed11.streamc.xyz/devtools.js:6
[ 2611289ms] [LOG] [Object, Object, Object, Object, Object, Object, Object, Object, Object, Object, Object, Object, Object, Object, Object, Object, Object, Object, Object, Object, Object, Object, Object, Object, Object, Object, Object, Object, Object, Object, Object, Object, Object, Object, Object, Object, Object, Object, Object, Object, Object, Object, Object, Object, Object, Object, Object, Object, Object, Object] @ https://embed11.streamc.xyz/devtools.js:6
[ 2611375ms] [LOG] JSHandle@node @ https://embed11.streamc.xyz/devtools.js:6
[ 2611375ms] [LOG] function s(){} @ https://embed11.streamc.xyz/devtools.js:6
[ 2611375ms] [TABLE] {dep: / /} @ https://embed11.streamc.xyz/devtools.js:6
[ 2611375ms] [LOG] Mon Jul 13 2026 12:17:46 GMT+0700 (Indochina Time) @ https://embed11.streamc.xyz/devtools.js:6
[ 2611375ms] [LOG] {} @ https://embed11.streamc.xyz/devtools.js:6
[ 2611376ms] [TABLE] [Object, Object, Object, Object, Object, Object, Object, Object, Object, Object, Object, Object, Object, Object, Object, Object, Object, Object, Object, Object, Object, Object, Object, Object, Object, Object, Object, Object, Object, Object, Object, Object, Object, Object, Object, Object, Object, Object, Object, Object, Object, Object, Object, Object, Object, Object, Object, Object, Object, Object] @ https://embed11.streamc.xyz/devtools.js:6
[ 2611401ms] [LOG] [Object, Object, Object, Object, Object, Object, Object, Object, Object, Object, Object, Object, Object, Object, Object, Object, Object, Object, Object, Object, Object, Object, Object, Object, Object, Object, Object, Object, Object, Object, Object, Object, Object, Object, Object, Object, Object, Object, Object, Object, Object, Object, Object, Object, Object, Object, Object, Object, Object, Object] @ https://embed11.streamc.xyz/devtools.js:6
[ 2611401ms] [LOG] [Object, Object, Object, Object, Object, Object, Object, Object, Object, Object, Object, Object, Object, Object, Object, Object, Object, Object, Object, Object, Object, Object, Object, Object, Object, Object, Object, Object, Object, Object, Object, Object, Object, Object, Object, Object, Object, Object, Object, Object, Object, Object, Object, Object, Object, Object, Object, Object, Object, Object] @ https://embed11.streamc.xyz/devtools.js:6
[ 2611507ms] [LOG] JSHandle@node @ https://embed11.streamc.xyz/devtools.js:6
[ 2611507ms] [LOG] function s(){} @ https://embed11.streamc.xyz/devtools.js:6
[ 2611508ms] [TABLE] {dep: / /} @ https://embed11.streamc.xyz/devtools.js:6
[ 2611508ms] [LOG] Mon Jul 13 2026 12:17:46 GMT+0700 (Indochina Time) @ https://embed11.streamc.xyz/devtools.js:6
[ 2611508ms] [LOG] {} @ https://embed11.streamc.xyz/devtools.js:6
[ 2611508ms] [TABLE] [Object, Object, Object, Object, Object, Object, Object, Object, Object, Object, Object, Object, Object, Object, Object, Object, Object, Object, Object, Object, Object, Object, Object, Object, Object, Object, Object, Object, Object, Object, Object, Object, Object, Object, Object, Object, Object, Object, Object, Object, Object, Object, Object, Object, Object, Object, Object, Object, Object, Object] @ https://embed11.streamc.xyz/devtools.js:6
[ 2611532ms] [LOG] [Object, Object, Object, Object, Object, Object, Object, Object, Object, Object, Object, Object, Object, Object, Object, Object, Object, Object, Object, Object, Object, Object, Object, Object, Object, Object, Object, Object, Object, Object, Object, Object, Object, Object, Object, Object, Object, Object, Object, Object, Object, Object, Object, Object, Object, Object, Object, Object, Object, Object] @ https://embed11.streamc.xyz/devtools.js:6
[ 2611533ms] [LOG] [Object, Object, Object, Object, Object, Object, Object, Object, Object, Object, Object, Object, Object, Object, Object, Object, Object, Object, Object, Object, Object, Object, Object, Object, Object, Object, Object, Object, Object, Object, Object, Object, Object, Object, Object, Object, Object, Object, Object, Object, Object, Object, Object, Object, Object, Object, Object, Object, Object, Object] @ https://embed11.streamc.xyz/devtools.js:6
[ 2611624ms] [LOG] JSHandle@node @ https://embed11.streamc.xyz/devtools.js:6
[ 2611624ms] [LOG] function s(){} @ https://embed11.streamc.xyz/devtools.js:6
[ 2611624ms] [TABLE] {dep: / /} @ https://embed11.streamc.xyz/devtools.js:6
[ 2611624ms] [LOG] Mon Jul 13 2026 12:17:46 GMT+0700 (Indochina Time) @ https://embed11.streamc.xyz/devtools.js:6
[ 2611624ms] [LOG] {} @ https://embed11.streamc.xyz/devtools.js:6
[ 2611624ms] [TABLE] [Object, Object, Object, Object, Object, Object, Object, Object, Object, Object, Object, Object, Object, Object, Object, Object, Object, Object, Object, Object, Object, Object, Object, Object, Object, Object, Object, Object, Object, Object, Object, Object, Object, Object, Object, Object, Object, Object, Object, Object, Object, Object, Object, Object, Object, Object, Object, Object, Object, Object] @ https://embed11.streamc.xyz/devtools.js:6
[ 2611649ms] [LOG] [Object, Object, Object, Object, Object, Object, Object, Object, Object, Object, Object, Object, Object, Object, Object, Object, Object, Object, Object, Object, Object, Object, Object, Object, Object, Object, Object, Object, Object, Object, Object, Object, Object, Object, Object, Object, Object, Object, Object, Object, Object, Object, Object, Object, Object, Object, Object, Object, Object, Object] @ https://embed11.streamc.xyz/devtools.js:6
[ 2611649ms] [LOG] [Object, Object, Object, Object, Object, Object, Object, Object, Object, Object, Object, Object, Object, Object, Object, Object, Object, Object, Object, Object, Object, Object, Object, Object, Object, Object, Object, Object, Object, Object, Object, Object, Object, Object, Object, Object, Object, Object, Object, Object, Object, Object, Object, Object, Object, Object, Object, Object, Object, Object] @ https://embed11.streamc.xyz/devtools.js:6
[ 2611736ms] [LOG] JSHandle@node @ https://embed11.streamc.xyz/devtools.js:6
[ 2611737ms] [LOG] function s(){} @ https://embed11.streamc.xyz/devtools.js:6
[ 2611737ms] [TABLE] {dep: / /} @ https://embed11.streamc.xyz/devtools.js:6
[ 2611737ms] [LOG] Mon Jul 13 2026 12:17:46 GMT+0700 (Indochina Time) @ https://embed11.streamc.xyz/devtools.js:6
[ 2611737ms] [LOG] {} @ https://embed11.streamc.xyz/devtools.js:6
[ 2611737ms] [TABLE] [Object, Object, Object, Object, Object, Object, Object, Object, Object, Object, Object, Object, Object, Object, Object, Object, Object, Object, Object, Object, Object, Object, Object, Object, Object, Object, Object, Object, Object, Object, Object, Object, Object, Object, Object, Object, Object, Object, Object, Object, Object, Object, Object, Object, Object, Object, Object, Object, Object, Object] @ https://embed11.streamc.xyz/devtools.js:6
[ 2611763ms] [LOG] [Object, Object, Object, Object, Object, Object, Object, Object, Object, Object, Object, Object, Object, Object, Object, Object, Object, Object, Object, Object, Object, Object, Object, Object, Object, Object, Object, Object, Object, Object, Object, Object, Object, Object, Object, Object, Object, Object, Object, Object, Object, Object, Object, Object, Object, Object, Object, Object, Object, Object] @ https://embed11.streamc.xyz/devtools.js:6
[ 2611764ms] [LOG] [Object, Object, Object, Object, Object, Object, Object, Object, Object, Object, Object, Object, Object, Object, Object, Object, Object, Object, Object, Object, Object, Object, Object, Object, Object, Object, Object, Object, Object, Object, Object, Object, Object, Object, Object, Object, Object, Object, Object, Object, Object, Object, Object, Object, Object, Object, Object, Object, Object, Object] @ https://embed11.streamc.xyz/devtools.js:6
[ 2611858ms] [LOG] JSHandle@node @ https://embed11.streamc.xyz/devtools.js:6
[ 2611858ms] [LOG] function s(){} @ https://embed11.streamc.xyz/devtools.js:6
[ 2611858ms] [TABLE] {dep: / /} @ https://embed11.streamc.xyz/devtools.js:6
[ 2611858ms] [LOG] Mon Jul 13 2026 12:17:46 GMT+0700 (Indochina Time) @ https://embed11.streamc.xyz/devtools.js:6
[ 2611858ms] [LOG] {} @ https://embed11.streamc.xyz/devtools.js:6
[ 2611858ms] [TABLE] [Object, Object, Object, Object, Object, Object, Object, Object, Object, Object, Object, Object, Object, Object, Object, Object, Object, Object, Object, Object, Object, Object, Object, Object, Object, Object, Object, Object, Object, Object, Object, Object, Object, Object, Object, Object, Object, Object, Object, Object, Object, Object, Object, Object, Object, Object, Object, Object, Object, Object] @ https://embed11.streamc.xyz/devtools.js:6
[ 2611882ms] [LOG] [Object, Object, Object, Object, Object, Object, Object, Object, Object, Object, Object, Object, Object, Object, Object, Object, Object, Object, Object, Object, Object, Object, Object, Object, Object, Object, Object, Object, Object, Object, Object, Object, Object, Object, Object, Object, Object, Object, Object, Object, Object, Object, Object, Object, Object, Object, Object, Object, Object, Object] @ https://embed11.streamc.xyz/devtools.js:6
[ 2611882ms] [LOG] [Object, Object, Object, Object, Object, Object, Object, Object, Object, Object, Object, Object, Object, Object, Object, Object, Object, Object, Object, Object, Object, Object, Object, Object, Object, Object, Object, Object, Object, Object, Object, Object, Object, Object, Object, Object, Object, Object, Object, Object, Object, Object, Object, Object, Object, Object, Object, Object, Object, Object] @ https://embed11.streamc.xyz/devtools.js:6
[ 2611987ms] [LOG] JSHandle@node @ https://embed11.streamc.xyz/devtools.js:6
[ 2611987ms] [LOG] function s(){} @ https://embed11.streamc.xyz/devtools.js:6
[ 2611987ms] [TABLE] {dep: / /} @ https://embed11.streamc.xyz/devtools.js:6
[ 2611987ms] [LOG] Mon Jul 13 2026 12:17:46 GMT+0700 (Indochina Time) @ https://embed11.streamc.xyz/devtools.js:6
[ 2611987ms] [LOG] {} @ https://embed11.streamc.xyz/devtools.js:6
[ 2611988ms] [TABLE] [Object, Object, Object, Object, Object, Object, Object, Object, Object, Object, Object, Object, Object, Object, Object, Object, Object, Object, Object, Object, Object, Object, Object, Object, Object, Object, Object, Object, Object, Object, Object, Object, Object, Object, Object, Object, Object, Object, Object, Object, Object, Object, Object, Object, Object, Object, Object, Object, Object, Object] @ https://embed11.streamc.xyz/devtools.js:6
[ 2612012ms] [LOG] [Object, Object, Object, Object, Object, Object, Object, Object, Object, Object, Object, Object, Object, Object, Object, Object, Object, Object, Object, Object, Object, Object, Object, Object, Object, Object, Object, Object, Object, Object, Object, Object, Object, Object, Object, Object, Object, Object, Object, Object, Object, Object, Object, Object, Object, Object, Object, Object, Object, Object] @ https://embed11.streamc.xyz/devtools.js:6
[ 2612012ms] [LOG] [Object, Object, Object, Object, Object, Object, Object, Object, Object, Object, Object, Object, Object, Object, Object, Object, Object, Object, Object, Object, Object, Object, Object, Object, Object, Object, Object, Object, Object, Object, Object, Object, Object, Object, Object, Object, Object, Object, Object, Object, Object, Object, Object, Object, Object, Object, Object, Object, Object, Object] @ https://embed11.streamc.xyz/devtools.js:6
[ 2612117ms] [LOG] JSHandle@node @ https://embed11.streamc.xyz/devtools.js:6
[ 2612117ms] [LOG] function s(){} @ https://embed11.streamc.xyz/devtools.js:6
[ 2612117ms] [TABLE] {dep: / /} @ https://embed11.streamc.xyz/devtools.js:6
[ 2612117ms] [LOG] Mon Jul 13 2026 12:17:46 GMT+0700 (Indochina Time) @ https://embed11.streamc.xyz/devtools.js:6
[ 2612117ms] [LOG] {} @ https://embed11.streamc.xyz/devtools.js:6
[ 2612117ms] [TABLE] [Object, Object, Object, Object, Object, Object, Object, Object, Object, Object, Object, Object, Object, Object, Object, Object, Object, Object, Object, Object, Object, Object, Object, Object, Object, Object, Object, Object, Object, Object, Object, Object, Object, Object, Object, Object, Object, Object, Object, Object, Object, Object, Object, Object, Object, Object, Object, Object, Object, Object] @ https://embed11.streamc.xyz/devtools.js:6
[ 2612142ms] [LOG] [Object, Object, Object, Object, Object, Object, Object, Object, Object, Object, Object, Object, Object, Object, Object, Object, Object, Object, Object, Object, Object, Object, Object, Object, Object, Object, Object, Object, Object, Object, Object, Object, Object, Object, Object, Object, Object, Object, Object, Object, Object, Object, Object, Object, Object, Object, Object, Object, Object, Object] @ https://embed11.streamc.xyz/devtools.js:6
[ 2612142ms] [LOG] [Object, Object, Object, Object, Object, Object, Object, Object, Object, Object, Object, Object, Object, Object, Object, Object, Object, Object, Object, Object, Object, Object, Object, Object, Object, Object, Object, Object, Object, Object, Object, Object, Object, Object, Object, Object, Object, Object, Object, Object, Object, Object, Object, Object, Object, Object, Object, Object, Object, Object] @ https://embed11.streamc.xyz/devtools.js:6
[ 2612257ms] [LOG] JSHandle@node @ https://embed11.streamc.xyz/devtools.js:6
[ 2612257ms] [LOG] function s(){} @ https://embed11.streamc.xyz/devtools.js:6
[ 2612257ms] [TABLE] {dep: / /} @ https://embed11.streamc.xyz/devtools.js:6
[ 2612257ms] [LOG] Mon Jul 13 2026 12:17:46 GMT+0700 (Indochina Time) @ https://embed11.streamc.xyz/devtools.js:6
[ 2612257ms] [LOG] {} @ https://embed11.streamc.xyz/devtools.js:6
[ 2612257ms] [TABLE] [Object, Object, Object, Object, Object, Object, Object, Object, Object, Object, Object, Object, Object, Object, Object, Object, Object, Object, Object, Object, Object, Object, Object, Object, Object, Object, Object, Object, Object, Object, Object, Object, Object, Object, Object, Object, Object, Object, Object, Object, Object, Object, Object, Object, Object, Object, Object, Object, Object, Object] @ https://embed11.streamc.xyz/devtools.js:6
[ 2612281ms] [LOG] [Object, Object, Object, Object, Object, Object, Object, Object, Object, Object, Object, Object, Object, Object, Object, Object, Object, Object, Object, Object, Object, Object, Object, Object, Object, Object, Object, Object, Object, Object, Object, Object, Object, Object, Object, Object, Object, Object, Object, Object, Object, Object, Object, Object, Object, Object, Object, Object, Object, Object] @ https://embed11.streamc.xyz/devtools.js:6
[ 2612281ms] [LOG] [Object, Object, Object, Object, Object, Object, Object, Object, Object, Object, Object, Object, Object, Object, Object, Object, Object, Object, Object, Object, Object, Object, Object, Object, Object, Object, Object, Object, Object, Object, Object, Object, Object, Object, Object, Object, Object, Object, Object, Object, Object, Object, Object, Object, Object, Object, Object, Object, Object, Object] @ https://embed11.streamc.xyz/devtools.js:6
[ 2612399ms] [LOG] JSHandle@node @ https://embed11.streamc.xyz/devtools.js:6
[ 2612400ms] [LOG] function s(){} @ https://embed11.streamc.xyz/devtools.js:6
[ 2612400ms] [TABLE] {dep: / /} @ https://embed11.streamc.xyz/devtools.js:6
[ 2612400ms] [LOG] Mon Jul 13 2026 12:17:47 GMT+0700 (Indochina Time) @ https://embed11.streamc.xyz/devtools.js:6
[ 2612400ms] [LOG] {} @ https://embed11.streamc.xyz/devtools.js:6
[ 2612400ms] [TABLE] [Object, Object, Object, Object, Object, Object, Object, Object, Object, Object, Object, Object, Object, Object, Object, Object, Object, Object, Object, Object, Object, Object, Object, Object, Object, Object, Object, Object, Object, Object, Object, Object, Object, Object, Object, Object, Object, Object, Object, Object, Object, Object, Object, Object, Object, Object, Object, Object, Object, Object] @ https://embed11.streamc.xyz/devtools.js:6
[ 2612424ms] [LOG] [Object, Object, Object, Object, Object, Object, Object, Object, Object, Object, Object, Object, Object, Object, Object, Object, Object, Object, Object, Object, Object, Object, Object, Object, Object, Object, Object, Object, Object, Object, Object, Object, Object, Object, Object, Object, Object, Object, Object, Object, Object, Object, Object, Object, Object, Object, Object, Object, Object, Object] @ https://embed11.streamc.xyz/devtools.js:6
[ 2612424ms] [LOG] [Object, Object, Object, Object, Object, Object, Object, Object, Object, Object, Object, Object, Object, Object, Object, Object, Object, Object, Object, Object, Object, Object, Object, Object, Object, Object, Object, Object, Object, Object, Object, Object, Object, Object, Object, Object, Object, Object, Object, Object, Object, Object, Object, Object, Object, Object, Object, Object, Object, Object] @ https://embed11.streamc.xyz/devtools.js:6
[ 2612522ms] [LOG] JSHandle@node @ https://embed11.streamc.xyz/devtools.js:6
[ 2612522ms] [LOG] function s(){} @ https://embed11.streamc.xyz/devtools.js:6
[ 2612522ms] [TABLE] {dep: / /} @ https://embed11.streamc.xyz/devtools.js:6
[ 2612523ms] [LOG] Mon Jul 13 2026 12:17:47 GMT+0700 (Indochina Time) @ https://embed11.streamc.xyz/devtools.js:6
[ 2612523ms] [LOG] {} @ https://embed11.streamc.xyz/devtools.js:6
[ 2612523ms] [TABLE] [Object, Object, Object, Object, Object, Object, Object, Object, Object, Object, Object, Object, Object, Object, Object, Object, Object, Object, Object, Object, Object, Object, Object, Object, Object, Object, Object, Object, Object, Object, Object, Object, Object, Object, Object, Object, Object, Object, Object, Object, Object, Object, Object, Object, Object, Object, Object, Object, Object, Object] @ https://embed11.streamc.xyz/devtools.js:6
[ 2612546ms] [LOG] [Object, Object, Object, Object, Object, Object, Object, Object, Object, Object, Object, Object, Object, Object, Object, Object, Object, Object, Object, Object, Object, Object, Object, Object, Object, Object, Object, Object, Object, Object, Object, Object, Object, Object, Object, Object, Object, Object, Object, Object, Object, Object, Object, Object, Object, Object, Object, Object, Object, Object] @ https://embed11.streamc.xyz/devtools.js:6
[ 2612546ms] [LOG] [Object, Object, Object, Object, Object, Object, Object, Object, Object, Object, Object, Object, Object, Object, Object, Object, Object, Object, Object, Object, Object, Object, Object, Object, Object, Object, Object, Object, Object, Object, Object, Object, Object, Object, Object, Object, Object, Object, Object, Object, Object, Object, Object, Object, Object, Object, Object, Object, Object, Object] @ https://embed11.streamc.xyz/devtools.js:6
[ 2612649ms] [LOG] JSHandle@node @ https://embed11.streamc.xyz/devtools.js:6
[ 2612649ms] [LOG] function s(){} @ https://embed11.streamc.xyz/devtools.js:6
[ 2612649ms] [TABLE] {dep: / /} @ https://embed11.streamc.xyz/devtools.js:6
[ 2612650ms] [LOG] Mon Jul 13 2026 12:17:47 GMT+0700 (Indochina Time) @ https://embed11.streamc.xyz/devtools.js:6
[ 2612650ms] [LOG] {} @ https://embed11.streamc.xyz/devtools.js:6
[ 2612650ms] [TABLE] [Object, Object, Object, Object, Object, Object, Object, Object, Object, Object, Object, Object, Object, Object, Object, Object, Object, Object, Object, Object, Object, Object, Object, Object, Object, Object, Object, Object, Object, Object, Object, Object, Object, Object, Object, Object, Object, Object, Object, Object, Object, Object, Object, Object, Object, Object, Object, Object, Object, Object] @ https://embed11.streamc.xyz/devtools.js:6
[ 2612673ms] [LOG] [Object, Object, Object, Object, Object, Object, Object, Object, Object, Object, Object, Object, Object, Object, Object, Object, Object, Object, Object, Object, Object, Object, Object, Object, Object, Object, Object, Object, Object, Object, Object, Object, Object, Object, Object, Object, Object, Object, Object, Object, Object, Object, Object, Object, Object, Object, Object, Object, Object, Object] @ https://embed11.streamc.xyz/devtools.js:6
[ 2612673ms] [LOG] [Object, Object, Object, Object, Object, Object, Object, Object, Object, Object, Object, Object, Object, Object, Object, Object, Object, Object, Object, Object, Object, Object, Object, Object, Object, Object, Object, Object, Object, Object, Object, Object, Object, Object, Object, Object, Object, Object, Object, Object, Object, Object, Object, Object, Object, Object, Object, Object, Object, Object] @ https://embed11.streamc.xyz/devtools.js:6
[ 2612786ms] [LOG] JSHandle@node @ https://embed11.streamc.xyz/devtools.js:6
[ 2612786ms] [LOG] function s(){} @ https://embed11.streamc.xyz/devtools.js:6
[ 2612786ms] [TABLE] {dep: / /} @ https://embed11.streamc.xyz/devtools.js:6
[ 2612787ms] [LOG] Mon Jul 13 2026 12:17:47 GMT+0700 (Indochina Time) @ https://embed11.streamc.xyz/devtools.js:6
[ 2612787ms] [LOG] {} @ https://embed11.streamc.xyz/devtools.js:6
[ 2612787ms] [TABLE] [Object, Object, Object, Object, Object, Object, Object, Object, Object, Object, Object, Object, Object, Object, Object, Object, Object, Object, Object, Object, Object, Object, Object, Object, Object, Object, Object, Object, Object, Object, Object, Object, Object, Object, Object, Object, Object, Object, Object, Object, Object, Object, Object, Object, Object, Object, Object, Object, Object, Object] @ https://embed11.streamc.xyz/devtools.js:6
[ 2612811ms] [LOG] [Object, Object, Object, Object, Object, Object, Object, Object, Object, Object, Object, Object, Object, Object, Object, Object, Object, Object, Object, Object, Object, Object, Object, Object, Object, Object, Object, Object, Object, Object, Object, Object, Object, Object, Object, Object, Object, Object, Object, Object, Object, Object, Object, Object, Object, Object, Object, Object, Object, Object] @ https://embed11.streamc.xyz/devtools.js:6
[ 2612811ms] [LOG] [Object, Object, Object, Object, Object, Object, Object, Object, Object, Object, Object, Object, Object, Object, Object, Object, Object, Object, Object, Object, Object, Object, Object, Object, Object, Object, Object, Object, Object, Object, Object, Object, Object, Object, Object, Object, Object, Object, Object, Object, Object, Object, Object, Object, Object, Object, Object, Object, Object, Object] @ https://embed11.streamc.xyz/devtools.js:6
[ 2612918ms] [LOG] JSHandle@node @ https://embed11.streamc.xyz/devtools.js:6
[ 2612918ms] [LOG] function s(){} @ https://embed11.streamc.xyz/devtools.js:6
[ 2612918ms] [TABLE] {dep: / /} @ https://embed11.streamc.xyz/devtools.js:6
[ 2612918ms] [LOG] Mon Jul 13 2026 12:17:47 GMT+0700 (Indochina Time) @ https://embed11.streamc.xyz/devtools.js:6
[ 2612918ms] [LOG] {} @ https://embed11.streamc.xyz/devtools.js:6
[ 2612918ms] [TABLE] [Object, Object, Object, Object, Object, Object, Object, Object, Object, Object, Object, Object, Object, Object, Object, Object, Object, Object, Object, Object, Object, Object, Object, Object, Object, Object, Object, Object, Object, Object, Object, Object, Object, Object, Object, Object, Object, Object, Object, Object, Object, Object, Object, Object, Object, Object, Object, Object, Object, Object] @ https://embed11.streamc.xyz/devtools.js:6
[ 2612943ms] [LOG] [Object, Object, Object, Object, Object, Object, Object, Object, Object, Object, Object, Object, Object, Object, Object, Object, Object, Object, Object, Object, Object, Object, Object, Object, Object, Object, Object, Object, Object, Object, Object, Object, Object, Object, Object, Object, Object, Object, Object, Object, Object, Object, Object, Object, Object, Object, Object, Object, Object, Object] @ https://embed11.streamc.xyz/devtools.js:6
[ 2612943ms] [LOG] [Object, Object, Object, Object, Object, Object, Object, Object, Object, Object, Object, Object, Object, Object, Object, Object, Object, Object, Object, Object, Object, Object, Object, Object, Object, Object, Object, Object, Object, Object, Object, Object, Object, Object, Object, Object, Object, Object, Object, Object, Object, Object, Object, Object, Object, Object, Object, Object, Object, Object] @ https://embed11.streamc.xyz/devtools.js:6
[ 2613051ms] [LOG] JSHandle@node @ https://embed11.streamc.xyz/devtools.js:6
[ 2613051ms] [LOG] function s(){} @ https://embed11.streamc.xyz/devtools.js:6
[ 2613051ms] [TABLE] {dep: / /} @ https://embed11.streamc.xyz/devtools.js:6
[ 2613051ms] [LOG] Mon Jul 13 2026 12:17:47 GMT+0700 (Indochina Time) @ https://embed11.streamc.xyz/devtools.js:6
[ 2613051ms] [LOG] {} @ https://embed11.streamc.xyz/devtools.js:6
[ 2613051ms] [TABLE] [Object, Object, Object, Object, Object, Object, Object, Object, Object, Object, Object, Object, Object, Object, Object, Object, Object, Object, Object, Object, Object, Object, Object, Object, Object, Object, Object, Object, Object, Object, Object, Object, Object, Object, Object, Object, Object, Object, Object, Object, Object, Object, Object, Object, Object, Object, Object, Object, Object, Object] @ https://embed11.streamc.xyz/devtools.js:6
[ 2613079ms] [LOG] [Object, Object, Object, Object, Object, Object, Object, Object, Object, Object, Object, Object, Object, Object, Object, Object, Object, Object, Object, Object, Object, Object, Object, Object, Object, Object, Object, Object, Object, Object, Object, Object, Object, Object, Object, Object, Object, Object, Object, Object, Object, Object, Object, Object, Object, Object, Object, Object, Object, Object] @ https://embed11.streamc.xyz/devtools.js:6
[ 2613079ms] [LOG] [Object, Object, Object, Object, Object, Object, Object, Object, Object, Object, Object, Object, Object, Object, Object, Object, Object, Object, Object, Object, Object, Object, Object, Object, Object, Object, Object, Object, Object, Object, Object, Object, Object, Object, Object, Object, Object, Object, Object, Object, Object, Object, Object, Object, Object, Object, Object, Object, Object, Object] @ https://embed11.streamc.xyz/devtools.js:6
[ 2613176ms] [LOG] JSHandle@node @ https://embed11.streamc.xyz/devtools.js:6
[ 2613176ms] [LOG] function s(){} @ https://embed11.streamc.xyz/devtools.js:6
[ 2613176ms] [TABLE] {dep: / /} @ https://embed11.streamc.xyz/devtools.js:6
[ 2613176ms] [LOG] Mon Jul 13 2026 12:17:47 GMT+0700 (Indochina Time) @ https://embed11.streamc.xyz/devtools.js:6
[ 2613176ms] [LOG] {} @ https://embed11.streamc.xyz/devtools.js:6
[ 2613176ms] [TABLE] [Object, Object, Object, Object, Object, Object, Object, Object, Object, Object, Object, Object, Object, Object, Object, Object, Object, Object, Object, Object, Object, Object, Object, Object, Object, Object, Object, Object, Object, Object, Object, Object, Object, Object, Object, Object, Object, Object, Object, Object, Object, Object, Object, Object, Object, Object, Object, Object, Object, Object] @ https://embed11.streamc.xyz/devtools.js:6
[ 2613200ms] [LOG] [Object, Object, Object, Object, Object, Object, Object, Object, Object, Object, Object, Object, Object, Object, Object, Object, Object, Object, Object, Object, Object, Object, Object, Object, Object, Object, Object, Object, Object, Object, Object, Object, Object, Object, Object, Object, Object, Object, Object, Object, Object, Object, Object, Object, Object, Object, Object, Object, Object, Object] @ https://embed11.streamc.xyz/devtools.js:6
[ 2613200ms] [LOG] [Object, Object, Object, Object, Object, Object, Object, Object, Object, Object, Object, Object, Object, Object, Object, Object, Object, Object, Object, Object, Object, Object, Object, Object, Object, Object, Object, Object, Object, Object, Object, Object, Object, Object, Object, Object, Object, Object, Object, Object, Object, Object, Object, Object, Object, Object, Object, Object, Object, Object] @ https://embed11.streamc.xyz/devtools.js:6
[ 2613296ms] [LOG] JSHandle@node @ https://embed11.streamc.xyz/devtools.js:6
[ 2613296ms] [LOG] function s(){} @ https://embed11.streamc.xyz/devtools.js:6
[ 2613296ms] [TABLE] {dep: / /} @ https://embed11.streamc.xyz/devtools.js:6
[ 2613296ms] [LOG] Mon Jul 13 2026 12:17:47 GMT+0700 (Indochina Time) @ https://embed11.streamc.xyz/devtools.js:6
[ 2613297ms] [LOG] {} @ https://embed11.streamc.xyz/devtools.js:6
[ 2613297ms] [TABLE] [Object, Object, Object, Object, Object, Object, Object, Object, Object, Object, Object, Object, Object, Object, Object, Object, Object, Object, Object, Object, Object, Object, Object, Object, Object, Object, Object, Object, Object, Object, Object, Object, Object, Object, Object, Object, Object, Object, Object, Object, Object, Object, Object, Object, Object, Object, Object, Object, Object, Object] @ https://embed11.streamc.xyz/devtools.js:6
[ 2613320ms] [LOG] [Object, Object, Object, Object, Object, Object, Object, Object, Object, Object, Object, Object, Object, Object, Object, Object, Object, Object, Object, Object, Object, Object, Object, Object, Object, Object, Object, Object, Object, Object, Object, Object, Object, Object, Object, Object, Object, Object, Object, Object, Object, Object, Object, Object, Object, Object, Object, Object, Object, Object] @ https://embed11.streamc.xyz/devtools.js:6
[ 2613321ms] [LOG] [Object, Object, Object, Object, Object, Object, Object, Object, Object, Object, Object, Object, Object, Object, Object, Object, Object, Object, Object, Object, Object, Object, Object, Object, Object, Object, Object, Object, Object, Object, Object, Object, Object, Object, Object, Object, Object, Object, Object, Object, Object, Object, Object, Object, Object, Object, Object, Object, Object, Object] @ https://embed11.streamc.xyz/devtools.js:6
[ 2613419ms] [LOG] JSHandle@node @ https://embed11.streamc.xyz/devtools.js:6
[ 2613419ms] [LOG] function s(){} @ https://embed11.streamc.xyz/devtools.js:6
[ 2613419ms] [TABLE] {dep: / /} @ https://embed11.streamc.xyz/devtools.js:6
[ 2613419ms] [LOG] Mon Jul 13 2026 12:17:48 GMT+0700 (Indochina Time) @ https://embed11.streamc.xyz/devtools.js:6
[ 2613420ms] [LOG] {} @ https://embed11.streamc.xyz/devtools.js:6
[ 2613420ms] [TABLE] [Object, Object, Object, Object, Object, Object, Object, Object, Object, Object, Object, Object, Object, Object, Object, Object, Object, Object, Object, Object, Object, Object, Object, Object, Object, Object, Object, Object, Object, Object, Object, Object, Object, Object, Object, Object, Object, Object, Object, Object, Object, Object, Object, Object, Object, Object, Object, Object, Object, Object] @ https://embed11.streamc.xyz/devtools.js:6
[ 2613443ms] [LOG] [Object, Object, Object, Object, Object, Object, Object, Object, Object, Object, Object, Object, Object, Object, Object, Object, Object, Object, Object, Object, Object, Object, Object, Object, Object, Object, Object, Object, Object, Object, Object, Object, Object, Object, Object, Object, Object, Object, Object, Object, Object, Object, Object, Object, Object, Object, Object, Object, Object, Object] @ https://embed11.streamc.xyz/devtools.js:6
[ 2613443ms] [LOG] [Object, Object, Object, Object, Object, Object, Object, Object, Object, Object, Object, Object, Object, Object, Object, Object, Object, Object, Object, Object, Object, Object, Object, Object, Object, Object, Object, Object, Object, Object, Object, Object, Object, Object, Object, Object, Object, Object, Object, Object, Object, Object, Object, Object, Object, Object, Object, Object, Object, Object] @ https://embed11.streamc.xyz/devtools.js:6
[ 2613553ms] [LOG] JSHandle@node @ https://embed11.streamc.xyz/devtools.js:6
[ 2613553ms] [LOG] function s(){} @ https://embed11.streamc.xyz/devtools.js:6
[ 2613553ms] [TABLE] {dep: / /} @ https://embed11.streamc.xyz/devtools.js:6
[ 2613553ms] [LOG] Mon Jul 13 2026 12:17:48 GMT+0700 (Indochina Time) @ https://embed11.streamc.xyz/devtools.js:6
[ 2613553ms] [LOG] {} @ https://embed11.streamc.xyz/devtools.js:6
[ 2613553ms] [TABLE] [Object, Object, Object, Object, Object, Object, Object, Object, Object, Object, Object, Object, Object, Object, Object, Object, Object, Object, Object, Object, Object, Object, Object, Object, Object, Object, Object, Object, Object, Object, Object, Object, Object, Object, Object, Object, Object, Object, Object, Object, Object, Object, Object, Object, Object, Object, Object, Object, Object, Object] @ https://embed11.streamc.xyz/devtools.js:6
[ 2613577ms] [LOG] [Object, Object, Object, Object, Object, Object, Object, Object, Object, Object, Object, Object, Object, Object, Object, Object, Object, Object, Object, Object, Object, Object, Object, Object, Object, Object, Object, Object, Object, Object, Object, Object, Object, Object, Object, Object, Object, Object, Object, Object, Object, Object, Object, Object, Object, Object, Object, Object, Object, Object] @ https://embed11.streamc.xyz/devtools.js:6
[ 2613577ms] [LOG] [Object, Object, Object, Object, Object, Object, Object, Object, Object, Object, Object, Object, Object, Object, Object, Object, Object, Object, Object, Object, Object, Object, Object, Object, Object, Object, Object, Object, Object, Object, Object, Object, Object, Object, Object, Object, Object, Object, Object, Object, Object, Object, Object, Object, Object, Object, Object, Object, Object, Object] @ https://embed11.streamc.xyz/devtools.js:6
[ 2613674ms] [LOG] JSHandle@node @ https://embed11.streamc.xyz/devtools.js:6
[ 2613674ms] [LOG] function s(){} @ https://embed11.streamc.xyz/devtools.js:6
[ 2613674ms] [TABLE] {dep: / /} @ https://embed11.streamc.xyz/devtools.js:6
[ 2613674ms] [LOG] Mon Jul 13 2026 12:17:48 GMT+0700 (Indochina Time) @ https://embed11.streamc.xyz/devtools.js:6
[ 2613674ms] [LOG] {} @ https://embed11.streamc.xyz/devtools.js:6
[ 2613674ms] [TABLE] [Object, Object, Object, Object, Object, Object, Object, Object, Object, Object, Object, Object, Object, Object, Object, Object, Object, Object, Object, Object, Object, Object, Object, Object, Object, Object, Object, Object, Object, Object, Object, Object, Object, Object, Object, Object, Object, Object, Object, Object, Object, Object, Object, Object, Object, Object, Object, Object, Object, Object] @ https://embed11.streamc.xyz/devtools.js:6
[ 2613698ms] [LOG] [Object, Object, Object, Object, Object, Object, Object, Object, Object, Object, Object, Object, Object, Object, Object, Object, Object, Object, Object, Object, Object, Object, Object, Object, Object, Object, Object, Object, Object, Object, Object, Object, Object, Object, Object, Object, Object, Object, Object, Object, Object, Object, Object, Object, Object, Object, Object, Object, Object, Object] @ https://embed11.streamc.xyz/devtools.js:6
[ 2613698ms] [LOG] [Object, Object, Object, Object, Object, Object, Object, Object, Object, Object, Object, Object, Object, Object, Object, Object, Object, Object, Object, Object, Object, Object, Object, Object, Object, Object, Object, Object, Object, Object, Object, Object, Object, Object, Object, Object, Object, Object, Object, Object, Object, Object, Object, Object, Object, Object, Object, Object, Object, Object] @ https://embed11.streamc.xyz/devtools.js:6
[ 2613799ms] [LOG] JSHandle@node @ https://embed11.streamc.xyz/devtools.js:6
[ 2613799ms] [LOG] function s(){} @ https://embed11.streamc.xyz/devtools.js:6
[ 2613799ms] [TABLE] {dep: / /} @ https://embed11.streamc.xyz/devtools.js:6
[ 2613799ms] [LOG] Mon Jul 13 2026 12:17:48 GMT+0700 (Indochina Time) @ https://embed11.streamc.xyz/devtools.js:6
[ 2613799ms] [LOG] {} @ https://embed11.streamc.xyz/devtools.js:6
[ 2613799ms] [TABLE] [Object, Object, Object, Object, Object, Object, Object, Object, Object, Object, Object, Object, Object, Object, Object, Object, Object, Object, Object, Object, Object, Object, Object, Object, Object, Object, Object, Object, Object, Object, Object, Object, Object, Object, Object, Object, Object, Object, Object, Object, Object, Object, Object, Object, Object, Object, Object, Object, Object, Object] @ https://embed11.streamc.xyz/devtools.js:6
[ 2613823ms] [LOG] [Object, Object, Object, Object, Object, Object, Object, Object, Object, Object, Object, Object, Object, Object, Object, Object, Object, Object, Object, Object, Object, Object, Object, Object, Object, Object, Object, Object, Object, Object, Object, Object, Object, Object, Object, Object, Object, Object, Object, Object, Object, Object, Object, Object, Object, Object, Object, Object, Object, Object] @ https://embed11.streamc.xyz/devtools.js:6
[ 2613823ms] [LOG] [Object, Object, Object, Object, Object, Object, Object, Object, Object, Object, Object, Object, Object, Object, Object, Object, Object, Object, Object, Object, Object, Object, Object, Object, Object, Object, Object, Object, Object, Object, Object, Object, Object, Object, Object, Object, Object, Object, Object, Object, Object, Object, Object, Object, Object, Object, Object, Object, Object, Object] @ https://embed11.streamc.xyz/devtools.js:6
[ 2613923ms] [LOG] JSHandle@node @ https://embed11.streamc.xyz/devtools.js:6
[ 2613923ms] [LOG] function s(){} @ https://embed11.streamc.xyz/devtools.js:6
[ 2613923ms] [TABLE] {dep: / /} @ https://embed11.streamc.xyz/devtools.js:6
[ 2613923ms] [LOG] Mon Jul 13 2026 12:17:48 GMT+0700 (Indochina Time) @ https://embed11.streamc.xyz/devtools.js:6
[ 2613923ms] [LOG] {} @ https://embed11.streamc.xyz/devtools.js:6
[ 2613924ms] [TABLE] [Object, Object, Object, Object, Object, Object, Object, Object, Object, Object, Object, Object, Object, Object, Object, Object, Object, Object, Object, Object, Object, Object, Object, Object, Object, Object, Object, Object, Object, Object, Object, Object, Object, Object, Object, Object, Object, Object, Object, Object, Object, Object, Object, Object, Object, Object, Object, Object, Object, Object] @ https://embed11.streamc.xyz/devtools.js:6
[ 2613947ms] [LOG] [Object, Object, Object, Object, Object, Object, Object, Object, Object, Object, Object, Object, Object, Object, Object, Object, Object, Object, Object, Object, Object, Object, Object, Object, Object, Object, Object, Object, Object, Object, Object, Object, Object, Object, Object, Object, Object, Object, Object, Object, Object, Object, Object, Object, Object, Object, Object, Object, Object, Object] @ https://embed11.streamc.xyz/devtools.js:6
[ 2613948ms] [LOG] [Object, Object, Object, Object, Object, Object, Object, Object, Object, Object, Object, Object, Object, Object, Object, Object, Object, Object, Object, Object, Object, Object, Object, Object, Object, Object, Object, Object, Object, Object, Object, Object, Object, Object, Object, Object, Object, Object, Object, Object, Object, Object, Object, Object, Object, Object, Object, Object, Object, Object] @ https://embed11.streamc.xyz/devtools.js:6
[ 2614049ms] [LOG] JSHandle@node @ https://embed11.streamc.xyz/devtools.js:6
[ 2614049ms] [LOG] function s(){} @ https://embed11.streamc.xyz/devtools.js:6
[ 2614049ms] [TABLE] {dep: / /} @ https://embed11.streamc.xyz/devtools.js:6
[ 2614049ms] [LOG] Mon Jul 13 2026 12:17:48 GMT+0700 (Indochina Time) @ https://embed11.streamc.xyz/devtools.js:6
[ 2614049ms] [LOG] {} @ https://embed11.streamc.xyz/devtools.js:6
[ 2614049ms] [TABLE] [Object, Object, Object, Object, Object, Object, Object, Object, Object, Object, Object, Object, Object, Object, Object, Object, Object, Object, Object, Object, Object, Object, Object, Object, Object, Object, Object, Object, Object, Object, Object, Object, Object, Object, Object, Object, Object, Object, Object, Object, Object, Object, Object, Object, Object, Object, Object, Object, Object, Object] @ https://embed11.streamc.xyz/devtools.js:6
[ 2614073ms] [LOG] [Object, Object, Object, Object, Object, Object, Object, Object, Object, Object, Object, Object, Object, Object, Object, Object, Object, Object, Object, Object, Object, Object, Object, Object, Object, Object, Object, Object, Object, Object, Object, Object, Object, Object, Object, Object, Object, Object, Object, Object, Object, Object, Object, Object, Object, Object, Object, Object, Object, Object] @ https://embed11.streamc.xyz/devtools.js:6
[ 2614074ms] [LOG] [Object, Object, Object, Object, Object, Object, Object, Object, Object, Object, Object, Object, Object, Object, Object, Object, Object, Object, Object, Object, Object, Object, Object, Object, Object, Object, Object, Object, Object, Object, Object, Object, Object, Object, Object, Object, Object, Object, Object, Object, Object, Object, Object, Object, Object, Object, Object, Object, Object, Object] @ https://embed11.streamc.xyz/devtools.js:6
[ 2614172ms] [LOG] JSHandle@node @ https://embed11.streamc.xyz/devtools.js:6
[ 2614172ms] [LOG] function s(){} @ https://embed11.streamc.xyz/devtools.js:6
[ 2614172ms] [TABLE] {dep: / /} @ https://embed11.streamc.xyz/devtools.js:6
[ 2614172ms] [LOG] Mon Jul 13 2026 12:17:48 GMT+0700 (Indochina Time) @ https://embed11.streamc.xyz/devtools.js:6
[ 2614172ms] [LOG] {} @ https://embed11.streamc.xyz/devtools.js:6
[ 2614172ms] [TABLE] [Object, Object, Object, Object, Object, Object, Object, Object, Object, Object, Object, Object, Object, Object, Object, Object, Object, Object, Object, Object, Object, Object, Object, Object, Object, Object, Object, Object, Object, Object, Object, Object, Object, Object, Object, Object, Object, Object, Object, Object, Object, Object, Object, Object, Object, Object, Object, Object, Object, Object] @ https://embed11.streamc.xyz/devtools.js:6
[ 2614196ms] [LOG] [Object, Object, Object, Object, Object, Object, Object, Object, Object, Object, Object, Object, Object, Object, Object, Object, Object, Object, Object, Object, Object, Object, Object, Object, Object, Object, Object, Object, Object, Object, Object, Object, Object, Object, Object, Object, Object, Object, Object, Object, Object, Object, Object, Object, Object, Object, Object, Object, Object, Object] @ https://embed11.streamc.xyz/devtools.js:6
[ 2614196ms] [LOG] [Object, Object, Object, Object, Object, Object, Object, Object, Object, Object, Object, Object, Object, Object, Object, Object, Object, Object, Object, Object, Object, Object, Object, Object, Object, Object, Object, Object, Object, Object, Object, Object, Object, Object, Object, Object, Object, Object, Object, Object, Object, Object, Object, Object, Object, Object, Object, Object, Object, Object] @ https://embed11.streamc.xyz/devtools.js:6
[ 2614293ms] [LOG] JSHandle@node @ https://embed11.streamc.xyz/devtools.js:6
[ 2614293ms] [LOG] function s(){} @ https://embed11.streamc.xyz/devtools.js:6
[ 2614294ms] [TABLE] {dep: / /} @ https://embed11.streamc.xyz/devtools.js:6
[ 2614294ms] [LOG] Mon Jul 13 2026 12:17:48 GMT+0700 (Indochina Time) @ https://embed11.streamc.xyz/devtools.js:6
[ 2614294ms] [LOG] {} @ https://embed11.streamc.xyz/devtools.js:6
[ 2614294ms] [TABLE] [Object, Object, Object, Object, Object, Object, Object, Object, Object, Object, Object, Object, Object, Object, Object, Object, Object, Object, Object, Object, Object, Object, Object, Object, Object, Object, Object, Object, Object, Object, Object, Object, Object, Object, Object, Object, Object, Object, Object, Object, Object, Object, Object, Object, Object, Object, Object, Object, Object, Object] @ https://embed11.streamc.xyz/devtools.js:6
[ 2614319ms] [LOG] [Object, Object, Object, Object, Object, Object, Object, Object, Object, Object, Object, Object, Object, Object, Object, Object, Object, Object, Object, Object, Object, Object, Object, Object, Object, Object, Object, Object, Object, Object, Object, Object, Object, Object, Object, Object, Object, Object, Object, Object, Object, Object, Object, Object, Object, Object, Object, Object, Object, Object] @ https://embed11.streamc.xyz/devtools.js:6
[ 2614320ms] [LOG] [Object, Object, Object, Object, Object, Object, Object, Object, Object, Object, Object, Object, Object, Object, Object, Object, Object, Object, Object, Object, Object, Object, Object, Object, Object, Object, Object, Object, Object, Object, Object, Object, Object, Object, Object, Object, Object, Object, Object, Object, Object, Object, Object, Object, Object, Object, Object, Object, Object, Object] @ https://embed11.streamc.xyz/devtools.js:6
[ 2614419ms] [LOG] JSHandle@node @ https://embed11.streamc.xyz/devtools.js:6
[ 2614419ms] [LOG] function s(){} @ https://embed11.streamc.xyz/devtools.js:6
[ 2614419ms] [TABLE] {dep: / /} @ https://embed11.streamc.xyz/devtools.js:6
[ 2614419ms] [LOG] Mon Jul 13 2026 12:17:49 GMT+0700 (Indochina Time) @ https://embed11.streamc.xyz/devtools.js:6
[ 2614419ms] [LOG] {} @ https://embed11.streamc.xyz/devtools.js:6
[ 2614419ms] [TABLE] [Object, Object, Object, Object, Object, Object, Object, Object, Object, Object, Object, Object, Object, Object, Object, Object, Object, Object, Object, Object, Object, Object, Object, Object, Object, Object, Object, Object, Object, Object, Object, Object, Object, Object, Object, Object, Object, Object, Object, Object, Object, Object, Object, Object, Object, Object, Object, Object, Object, Object] @ https://embed11.streamc.xyz/devtools.js:6
[ 2614443ms] [LOG] [Object, Object, Object, Object, Object, Object, Object, Object, Object, Object, Object, Object, Object, Object, Object, Object, Object, Object, Object, Object, Object, Object, Object, Object, Object, Object, Object, Object, Object, Object, Object, Object, Object, Object, Object, Object, Object, Object, Object, Object, Object, Object, Object, Object, Object, Object, Object, Object, Object, Object] @ https://embed11.streamc.xyz/devtools.js:6
[ 2614443ms] [LOG] [Object, Object, Object, Object, Object, Object, Object, Object, Object, Object, Object, Object, Object, Object, Object, Object, Object, Object, Object, Object, Object, Object, Object, Object, Object, Object, Object, Object, Object, Object, Object, Object, Object, Object, Object, Object, Object, Object, Object, Object, Object, Object, Object, Object, Object, Object, Object, Object, Object, Object] @ https://embed11.streamc.xyz/devtools.js:6
[ 2614538ms] [LOG] JSHandle@node @ https://embed11.streamc.xyz/devtools.js:6
[ 2614539ms] [LOG] function s(){} @ https://embed11.streamc.xyz/devtools.js:6
[ 2614539ms] [TABLE] {dep: / /} @ https://embed11.streamc.xyz/devtools.js:6
[ 2614539ms] [LOG] Mon Jul 13 2026 12:17:49 GMT+0700 (Indochina Time) @ https://embed11.streamc.xyz/devtools.js:6
[ 2614539ms] [LOG] {} @ https://embed11.streamc.xyz/devtools.js:6
[ 2614539ms] [TABLE] [Object, Object, Object, Object, Object, Object, Object, Object, Object, Object, Object, Object, Object, Object, Object, Object, Object, Object, Object, Object, Object, Object, Object, Object, Object, Object, Object, Object, Object, Object, Object, Object, Object, Object, Object, Object, Object, Object, Object, Object, Object, Object, Object, Object, Object, Object, Object, Object, Object, Object] @ https://embed11.streamc.xyz/devtools.js:6
[ 2614563ms] [LOG] [Object, Object, Object, Object, Object, Object, Object, Object, Object, Object, Object, Object, Object, Object, Object, Object, Object, Object, Object, Object, Object, Object, Object, Object, Object, Object, Object, Object, Object, Object, Object, Object, Object, Object, Object, Object, Object, Object, Object, Object, Object, Object, Object, Object, Object, Object, Object, Object, Object, Object] @ https://embed11.streamc.xyz/devtools.js:6
[ 2614563ms] [LOG] [Object, Object, Object, Object, Object, Object, Object, Object, Object, Object, Object, Object, Object, Object, Object, Object, Object, Object, Object, Object, Object, Object, Object, Object, Object, Object, Object, Object, Object, Object, Object, Object, Object, Object, Object, Object, Object, Object, Object, Object, Object, Object, Object, Object, Object, Object, Object, Object, Object, Object] @ https://embed11.streamc.xyz/devtools.js:6
[ 2614667ms] [LOG] JSHandle@node @ https://embed11.streamc.xyz/devtools.js:6
[ 2614667ms] [LOG] function s(){} @ https://embed11.streamc.xyz/devtools.js:6
[ 2614667ms] [TABLE] {dep: / /} @ https://embed11.streamc.xyz/devtools.js:6
[ 2614667ms] [LOG] Mon Jul 13 2026 12:17:49 GMT+0700 (Indochina Time) @ https://embed11.streamc.xyz/devtools.js:6
[ 2614667ms] [LOG] {} @ https://embed11.streamc.xyz/devtools.js:6
[ 2614667ms] [TABLE] [Object, Object, Object, Object, Object, Object, Object, Object, Object, Object, Object, Object, Object, Object, Object, Object, Object, Object, Object, Object, Object, Object, Object, Object, Object, Object, Object, Object, Object, Object, Object, Object, Object, Object, Object, Object, Object, Object, Object, Object, Object, Object, Object, Object, Object, Object, Object, Object, Object, Object] @ https://embed11.streamc.xyz/devtools.js:6
[ 2614691ms] [LOG] [Object, Object, Object, Object, Object, Object, Object, Object, Object, Object, Object, Object, Object, Object, Object, Object, Object, Object, Object, Object, Object, Object, Object, Object, Object, Object, Object, Object, Object, Object, Object, Object, Object, Object, Object, Object, Object, Object, Object, Object, Object, Object, Object, Object, Object, Object, Object, Object, Object, Object] @ https://embed11.streamc.xyz/devtools.js:6
[ 2614691ms] [LOG] [Object, Object, Object, Object, Object, Object, Object, Object, Object, Object, Object, Object, Object, Object, Object, Object, Object, Object, Object, Object, Object, Object, Object, Object, Object, Object, Object, Object, Object, Object, Object, Object, Object, Object, Object, Object, Object, Object, Object, Object, Object, Object, Object, Object, Object, Object, Object, Object, Object, Object] @ https://embed11.streamc.xyz/devtools.js:6
[ 2614798ms] [LOG] JSHandle@node @ https://embed11.streamc.xyz/devtools.js:6
[ 2614798ms] [LOG] function s(){} @ https://embed11.streamc.xyz/devtools.js:6
[ 2614798ms] [TABLE] {dep: / /} @ https://embed11.streamc.xyz/devtools.js:6
[ 2614799ms] [LOG] Mon Jul 13 2026 12:17:49 GMT+0700 (Indochina Time) @ https://embed11.streamc.xyz/devtools.js:6
[ 2614799ms] [LOG] {} @ https://embed11.streamc.xyz/devtools.js:6
[ 2614799ms] [TABLE] [Object, Object, Object, Object, Object, Object, Object, Object, Object, Object, Object, Object, Object, Object, Object, Object, Object, Object, Object, Object, Object, Object, Object, Object, Object, Object, Object, Object, Object, Object, Object, Object, Object, Object, Object, Object, Object, Object, Object, Object, Object, Object, Object, Object, Object, Object, Object, Object, Object, Object] @ https://embed11.streamc.xyz/devtools.js:6
[ 2614822ms] [LOG] [Object, Object, Object, Object, Object, Object, Object, Object, Object, Object, Object, Object, Object, Object, Object, Object, Object, Object, Object, Object, Object, Object, Object, Object, Object, Object, Object, Object, Object, Object, Object, Object, Object, Object, Object, Object, Object, Object, Object, Object, Object, Object, Object, Object, Object, Object, Object, Object, Object, Object] @ https://embed11.streamc.xyz/devtools.js:6
[ 2614822ms] [LOG] [Object, Object, Object, Object, Object, Object, Object, Object, Object, Object, Object, Object, Object, Object, Object, Object, Object, Object, Object, Object, Object, Object, Object, Object, Object, Object, Object, Object, Object, Object, Object, Object, Object, Object, Object, Object, Object, Object, Object, Object, Object, Object, Object, Object, Object, Object, Object, Object, Object, Object] @ https://embed11.streamc.xyz/devtools.js:6
[ 2614931ms] [LOG] JSHandle@node @ https://embed11.streamc.xyz/devtools.js:6
[ 2614931ms] [LOG] function s(){} @ https://embed11.streamc.xyz/devtools.js:6
[ 2614932ms] [TABLE] {dep: / /} @ https://embed11.streamc.xyz/devtools.js:6
[ 2614932ms] [LOG] Mon Jul 13 2026 12:17:49 GMT+0700 (Indochina Time) @ https://embed11.streamc.xyz/devtools.js:6
[ 2614932ms] [LOG] {} @ https://embed11.streamc.xyz/devtools.js:6
[ 2614932ms] [TABLE] [Object, Object, Object, Object, Object, Object, Object, Object, Object, Object, Object, Object, Object, Object, Object, Object, Object, Object, Object, Object, Object, Object, Object, Object, Object, Object, Object, Object, Object, Object, Object, Object, Object, Object, Object, Object, Object, Object, Object, Object, Object, Object, Object, Object, Object, Object, Object, Object, Object, Object] @ https://embed11.streamc.xyz/devtools.js:6
[ 2614956ms] [LOG] [Object, Object, Object, Object, Object, Object, Object, Object, Object, Object, Object, Object, Object, Object, Object, Object, Object, Object, Object, Object, Object, Object, Object, Object, Object, Object, Object, Object, Object, Object, Object, Object, Object, Object, Object, Object, Object, Object, Object, Object, Object, Object, Object, Object, Object, Object, Object, Object, Object, Object] @ https://embed11.streamc.xyz/devtools.js:6
[ 2614956ms] [LOG] [Object, Object, Object, Object, Object, Object, Object, Object, Object, Object, Object, Object, Object, Object, Object, Object, Object, Object, Object, Object, Object, Object, Object, Object, Object, Object, Object, Object, Object, Object, Object, Object, Object, Object, Object, Object, Object, Object, Object, Object, Object, Object, Object, Object, Object, Object, Object, Object, Object, Object] @ https://embed11.streamc.xyz/devtools.js:6
[ 2615070ms] [LOG] JSHandle@node @ https://embed11.streamc.xyz/devtools.js:6
[ 2615070ms] [LOG] function s(){} @ https://embed11.streamc.xyz/devtools.js:6
[ 2615070ms] [TABLE] {dep: / /} @ https://embed11.streamc.xyz/devtools.js:6
[ 2615070ms] [LOG] Mon Jul 13 2026 12:17:49 GMT+0700 (Indochina Time) @ https://embed11.streamc.xyz/devtools.js:6
[ 2615070ms] [LOG] {} @ https://embed11.streamc.xyz/devtools.js:6
[ 2615070ms] [TABLE] [Object, Object, Object, Object, Object, Object, Object, Object, Object, Object, Object, Object, Object, Object, Object, Object, Object, Object, Object, Object, Object, Object, Object, Object, Object, Object, Object, Object, Object, Object, Object, Object, Object, Object, Object, Object, Object, Object, Object, Object, Object, Object, Object, Object, Object, Object, Object, Object, Object, Object] @ https://embed11.streamc.xyz/devtools.js:6
[ 2615093ms] [LOG] [Object, Object, Object, Object, Object, Object, Object, Object, Object, Object, Object, Object, Object, Object, Object, Object, Object, Object, Object, Object, Object, Object, Object, Object, Object, Object, Object, Object, Object, Object, Object, Object, Object, Object, Object, Object, Object, Object, Object, Object, Object, Object, Object, Object, Object, Object, Object, Object, Object, Object] @ https://embed11.streamc.xyz/devtools.js:6
[ 2615094ms] [LOG] [Object, Object, Object, Object, Object, Object, Object, Object, Object, Object, Object, Object, Object, Object, Object, Object, Object, Object, Object, Object, Object, Object, Object, Object, Object, Object, Object, Object, Object, Object, Object, Object, Object, Object, Object, Object, Object, Object, Object, Object, Object, Object, Object, Object, Object, Object, Object, Object, Object, Object] @ https://embed11.streamc.xyz/devtools.js:6
[ 2615203ms] [LOG] JSHandle@node @ https://embed11.streamc.xyz/devtools.js:6
[ 2615203ms] [LOG] function s(){} @ https://embed11.streamc.xyz/devtools.js:6
[ 2615203ms] [TABLE] {dep: / /} @ https://embed11.streamc.xyz/devtools.js:6
[ 2615203ms] [LOG] Mon Jul 13 2026 12:17:49 GMT+0700 (Indochina Time) @ https://embed11.streamc.xyz/devtools.js:6
[ 2615203ms] [LOG] {} @ https://embed11.streamc.xyz/devtools.js:6
[ 2615203ms] [TABLE] [Object, Object, Object, Object, Object, Object, Object, Object, Object, Object, Object, Object, Object, Object, Object, Object, Object, Object, Object, Object, Object, Object, Object, Object, Object, Object, Object, Object, Object, Object, Object, Object, Object, Object, Object, Object, Object, Object, Object, Object, Object, Object, Object, Object, Object, Object, Object, Object, Object, Object] @ https://embed11.streamc.xyz/devtools.js:6
[ 2615228ms] [LOG] [Object, Object, Object, Object, Object, Object, Object, Object, Object, Object, Object, Object, Object, Object, Object, Object, Object, Object, Object, Object, Object, Object, Object, Object, Object, Object, Object, Object, Object, Object, Object, Object, Object, Object, Object, Object, Object, Object, Object, Object, Object, Object, Object, Object, Object, Object, Object, Object, Object, Object] @ https://embed11.streamc.xyz/devtools.js:6
[ 2615228ms] [LOG] [Object, Object, Object, Object, Object, Object, Object, Object, Object, Object, Object, Object, Object, Object, Object, Object, Object, Object, Object, Object, Object, Object, Object, Object, Object, Object, Object, Object, Object, Object, Object, Object, Object, Object, Object, Object, Object, Object, Object, Object, Object, Object, Object, Object, Object, Object, Object, Object, Object, Object] @ https://embed11.streamc.xyz/devtools.js:6
[ 2615335ms] [LOG] JSHandle@node @ https://embed11.streamc.xyz/devtools.js:6
[ 2615335ms] [LOG] function s(){} @ https://embed11.streamc.xyz/devtools.js:6
[ 2615335ms] [TABLE] {dep: / /} @ https://embed11.streamc.xyz/devtools.js:6
[ 2615335ms] [LOG] Mon Jul 13 2026 12:17:49 GMT+0700 (Indochina Time) @ https://embed11.streamc.xyz/devtools.js:6
[ 2615336ms] [LOG] {} @ https://embed11.streamc.xyz/devtools.js:6
[ 2615336ms] [TABLE] [Object, Object, Object, Object, Object, Object, Object, Object, Object, Object, Object, Object, Object, Object, Object, Object, Object, Object, Object, Object, Object, Object, Object, Object, Object, Object, Object, Object, Object, Object, Object, Object, Object, Object, Object, Object, Object, Object, Object, Object, Object, Object, Object, Object, Object, Object, Object, Object, Object, Object] @ https://embed11.streamc.xyz/devtools.js:6
[ 2615359ms] [LOG] [Object, Object, Object, Object, Object, Object, Object, Object, Object, Object, Object, Object, Object, Object, Object, Object, Object, Object, Object, Object, Object, Object, Object, Object, Object, Object, Object, Object, Object, Object, Object, Object, Object, Object, Object, Object, Object, Object, Object, Object, Object, Object, Object, Object, Object, Object, Object, Object, Object, Object] @ https://embed11.streamc.xyz/devtools.js:6
[ 2615359ms] [LOG] [Object, Object, Object, Object, Object, Object, Object, Object, Object, Object, Object, Object, Object, Object, Object, Object, Object, Object, Object, Object, Object, Object, Object, Object, Object, Object, Object, Object, Object, Object, Object, Object, Object, Object, Object, Object, Object, Object, Object, Object, Object, Object, Object, Object, Object, Object, Object, Object, Object, Object] @ https://embed11.streamc.xyz/devtools.js:6
[ 2615494ms] [LOG] JSHandle@node @ https://embed11.streamc.xyz/devtools.js:6
[ 2615494ms] [LOG] function s(){} @ https://embed11.streamc.xyz/devtools.js:6
[ 2615494ms] [TABLE] {dep: / /} @ https://embed11.streamc.xyz/devtools.js:6
[ 2615494ms] [LOG] Mon Jul 13 2026 12:17:50 GMT+0700 (Indochina Time) @ https://embed11.streamc.xyz/devtools.js:6
[ 2615494ms] [LOG] {} @ https://embed11.streamc.xyz/devtools.js:6
[ 2615494ms] [TABLE] [Object, Object, Object, Object, Object, Object, Object, Object, Object, Object, Object, Object, Object, Object, Object, Object, Object, Object, Object, Object, Object, Object, Object, Object, Object, Object, Object, Object, Object, Object, Object, Object, Object, Object, Object, Object, Object, Object, Object, Object, Object, Object, Object, Object, Object, Object, Object, Object, Object, Object] @ https://embed11.streamc.xyz/devtools.js:6
[ 2615518ms] [LOG] [Object, Object, Object, Object, Object, Object, Object, Object, Object, Object, Object, Object, Object, Object, Object, Object, Object, Object, Object, Object, Object, Object, Object, Object, Object, Object, Object, Object, Object, Object, Object, Object, Object, Object, Object, Object, Object, Object, Object, Object, Object, Object, Object, Object, Object, Object, Object, Object, Object, Object] @ https://embed11.streamc.xyz/devtools.js:6
[ 2615518ms] [LOG] [Object, Object, Object, Object, Object, Object, Object, Object, Object, Object, Object, Object, Object, Object, Object, Object, Object, Object, Object, Object, Object, Object, Object, Object, Object, Object, Object, Object, Object, Object, Object, Object, Object, Object, Object, Object, Object, Object, Object, Object, Object, Object, Object, Object, Object, Object, Object, Object, Object, Object] @ https://embed11.streamc.xyz/devtools.js:6
[ 2615618ms] [LOG] JSHandle@node @ https://embed11.streamc.xyz/devtools.js:6
[ 2615618ms] [LOG] function s(){} @ https://embed11.streamc.xyz/devtools.js:6
[ 2615618ms] [TABLE] {dep: / /} @ https://embed11.streamc.xyz/devtools.js:6
[ 2615618ms] [LOG] Mon Jul 13 2026 12:17:50 GMT+0700 (Indochina Time) @ https://embed11.streamc.xyz/devtools.js:6
[ 2615618ms] [LOG] {} @ https://embed11.streamc.xyz/devtools.js:6
[ 2615618ms] [TABLE] [Object, Object, Object, Object, Object, Object, Object, Object, Object, Object, Object, Object, Object, Object, Object, Object, Object, Object, Object, Object, Object, Object, Object, Object, Object, Object, Object, Object, Object, Object, Object, Object, Object, Object, Object, Object, Object, Object, Object, Object, Object, Object, Object, Object, Object, Object, Object, Object, Object, Object] @ https://embed11.streamc.xyz/devtools.js:6
[ 2615642ms] [LOG] [Object, Object, Object, Object, Object, Object, Object, Object, Object, Object, Object, Object, Object, Object, Object, Object, Object, Object, Object, Object, Object, Object, Object, Object, Object, Object, Object, Object, Object, Object, Object, Object, Object, Object, Object, Object, Object, Object, Object, Object, Object, Object, Object, Object, Object, Object, Object, Object, Object, Object] @ https://embed11.streamc.xyz/devtools.js:6
[ 2615642ms] [LOG] [Object, Object, Object, Object, Object, Object, Object, Object, Object, Object, Object, Object, Object, Object, Object, Object, Object, Object, Object, Object, Object, Object, Object, Object, Object, Object, Object, Object, Object, Object, Object, Object, Object, Object, Object, Object, Object, Object, Object, Object, Object, Object, Object, Object, Object, Object, Object, Object, Object, Object] @ https://embed11.streamc.xyz/devtools.js:6
[ 2615751ms] [LOG] JSHandle@node @ https://embed11.streamc.xyz/devtools.js:6
[ 2615751ms] [LOG] function s(){} @ https://embed11.streamc.xyz/devtools.js:6
[ 2615752ms] [TABLE] {dep: / /} @ https://embed11.streamc.xyz/devtools.js:6
[ 2615752ms] [LOG] Mon Jul 13 2026 12:17:50 GMT+0700 (Indochina Time) @ https://embed11.streamc.xyz/devtools.js:6
[ 2615752ms] [LOG] {} @ https://embed11.streamc.xyz/devtools.js:6
[ 2615752ms] [TABLE] [Object, Object, Object, Object, Object, Object, Object, Object, Object, Object, Object, Object, Object, Object, Object, Object, Object, Object, Object, Object, Object, Object, Object, Object, Object, Object, Object, Object, Object, Object, Object, Object, Object, Object, Object, Object, Object, Object, Object, Object, Object, Object, Object, Object, Object, Object, Object, Object, Object, Object] @ https://embed11.streamc.xyz/devtools.js:6
[ 2615776ms] [LOG] [Object, Object, Object, Object, Object, Object, Object, Object, Object, Object, Object, Object, Object, Object, Object, Object, Object, Object, Object, Object, Object, Object, Object, Object, Object, Object, Object, Object, Object, Object, Object, Object, Object, Object, Object, Object, Object, Object, Object, Object, Object, Object, Object, Object, Object, Object, Object, Object, Object, Object] @ https://embed11.streamc.xyz/devtools.js:6
[ 2615776ms] [LOG] [Object, Object, Object, Object, Object, Object, Object, Object, Object, Object, Object, Object, Object, Object, Object, Object, Object, Object, Object, Object, Object, Object, Object, Object, Object, Object, Object, Object, Object, Object, Object, Object, Object, Object, Object, Object, Object, Object, Object, Object, Object, Object, Object, Object, Object, Object, Object, Object, Object, Object] @ https://embed11.streamc.xyz/devtools.js:6
[ 2615886ms] [LOG] JSHandle@node @ https://embed11.streamc.xyz/devtools.js:6
[ 2615887ms] [LOG] function s(){} @ https://embed11.streamc.xyz/devtools.js:6
[ 2615887ms] [TABLE] {dep: / /} @ https://embed11.streamc.xyz/devtools.js:6
[ 2615887ms] [LOG] Mon Jul 13 2026 12:17:50 GMT+0700 (Indochina Time) @ https://embed11.streamc.xyz/devtools.js:6
[ 2615887ms] [LOG] {} @ https://embed11.streamc.xyz/devtools.js:6
[ 2615887ms] [TABLE] [Object, Object, Object, Object, Object, Object, Object, Object, Object, Object, Object, Object, Object, Object, Object, Object, Object, Object, Object, Object, Object, Object, Object, Object, Object, Object, Object, Object, Object, Object, Object, Object, Object, Object, Object, Object, Object, Object, Object, Object, Object, Object, Object, Object, Object, Object, Object, Object, Object, Object] @ https://embed11.streamc.xyz/devtools.js:6
[ 2615910ms] [LOG] [Object, Object, Object, Object, Object, Object, Object, Object, Object, Object, Object, Object, Object, Object, Object, Object, Object, Object, Object, Object, Object, Object, Object, Object, Object, Object, Object, Object, Object, Object, Object, Object, Object, Object, Object, Object, Object, Object, Object, Object, Object, Object, Object, Object, Object, Object, Object, Object, Object, Object] @ https://embed11.streamc.xyz/devtools.js:6
[ 2615911ms] [LOG] [Object, Object, Object, Object, Object, Object, Object, Object, Object, Object, Object, Object, Object, Object, Object, Object, Object, Object, Object, Object, Object, Object, Object, Object, Object, Object, Object, Object, Object, Object, Object, Object, Object, Object, Object, Object, Object, Object, Object, Object, Object, Object, Object, Object, Object, Object, Object, Object, Object, Object] @ https://embed11.streamc.xyz/devtools.js:6
[ 2616012ms] [LOG] JSHandle@node @ https://embed11.streamc.xyz/devtools.js:6
[ 2616012ms] [LOG] function s(){} @ https://embed11.streamc.xyz/devtools.js:6
[ 2616012ms] [TABLE] {dep: / /} @ https://embed11.streamc.xyz/devtools.js:6
[ 2616012ms] [LOG] Mon Jul 13 2026 12:17:50 GMT+0700 (Indochina Time) @ https://embed11.streamc.xyz/devtools.js:6
[ 2616013ms] [LOG] {} @ https://embed11.streamc.xyz/devtools.js:6
[ 2616013ms] [TABLE] [Object, Object, Object, Object, Object, Object, Object, Object, Object, Object, Object, Object, Object, Object, Object, Object, Object, Object, Object, Object, Object, Object, Object, Object, Object, Object, Object, Object, Object, Object, Object, Object, Object, Object, Object, Object, Object, Object, Object, Object, Object, Object, Object, Object, Object, Object, Object, Object, Object, Object] @ https://embed11.streamc.xyz/devtools.js:6
[ 2616037ms] [LOG] [Object, Object, Object, Object, Object, Object, Object, Object, Object, Object, Object, Object, Object, Object, Object, Object, Object, Object, Object, Object, Object, Object, Object, Object, Object, Object, Object, Object, Object, Object, Object, Object, Object, Object, Object, Object, Object, Object, Object, Object, Object, Object, Object, Object, Object, Object, Object, Object, Object, Object] @ https://embed11.streamc.xyz/devtools.js:6
[ 2616037ms] [LOG] [Object, Object, Object, Object, Object, Object, Object, Object, Object, Object, Object, Object, Object, Object, Object, Object, Object, Object, Object, Object, Object, Object, Object, Object, Object, Object, Object, Object, Object, Object, Object, Object, Object, Object, Object, Object, Object, Object, Object, Object, Object, Object, Object, Object, Object, Object, Object, Object, Object, Object] @ https://embed11.streamc.xyz/devtools.js:6
[ 2616148ms] [LOG] JSHandle@node @ https://embed11.streamc.xyz/devtools.js:6
[ 2616148ms] [LOG] function s(){} @ https://embed11.streamc.xyz/devtools.js:6
[ 2616148ms] [TABLE] {dep: / /} @ https://embed11.streamc.xyz/devtools.js:6
[ 2616148ms] [LOG] Mon Jul 13 2026 12:17:50 GMT+0700 (Indochina Time) @ https://embed11.streamc.xyz/devtools.js:6
[ 2616149ms] [LOG] {} @ https://embed11.streamc.xyz/devtools.js:6
[ 2616149ms] [TABLE] [Object, Object, Object, Object, Object, Object, Object, Object, Object, Object, Object, Object, Object, Object, Object, Object, Object, Object, Object, Object, Object, Object, Object, Object, Object, Object, Object, Object, Object, Object, Object, Object, Object, Object, Object, Object, Object, Object, Object, Object, Object, Object, Object, Object, Object, Object, Object, Object, Object, Object] @ https://embed11.streamc.xyz/devtools.js:6
[ 2616172ms] [LOG] [Object, Object, Object, Object, Object, Object, Object, Object, Object, Object, Object, Object, Object, Object, Object, Object, Object, Object, Object, Object, Object, Object, Object, Object, Object, Object, Object, Object, Object, Object, Object, Object, Object, Object, Object, Object, Object, Object, Object, Object, Object, Object, Object, Object, Object, Object, Object, Object, Object, Object] @ https://embed11.streamc.xyz/devtools.js:6
[ 2616173ms] [LOG] [Object, Object, Object, Object, Object, Object, Object, Object, Object, Object, Object, Object, Object, Object, Object, Object, Object, Object, Object, Object, Object, Object, Object, Object, Object, Object, Object, Object, Object, Object, Object, Object, Object, Object, Object, Object, Object, Object, Object, Object, Object, Object, Object, Object, Object, Object, Object, Object, Object, Object] @ https://embed11.streamc.xyz/devtools.js:6
[ 2616275ms] [LOG] JSHandle@node @ https://embed11.streamc.xyz/devtools.js:6
[ 2616275ms] [LOG] function s(){} @ https://embed11.streamc.xyz/devtools.js:6
[ 2616275ms] [TABLE] {dep: / /} @ https://embed11.streamc.xyz/devtools.js:6
[ 2616275ms] [LOG] Mon Jul 13 2026 12:17:50 GMT+0700 (Indochina Time) @ https://embed11.streamc.xyz/devtools.js:6
[ 2616275ms] [LOG] {} @ https://embed11.streamc.xyz/devtools.js:6
[ 2616276ms] [TABLE] [Object, Object, Object, Object, Object, Object, Object, Object, Object, Object, Object, Object, Object, Object, Object, Object, Object, Object, Object, Object, Object, Object, Object, Object, Object, Object, Object, Object, Object, Object, Object, Object, Object, Object, Object, Object, Object, Object, Object, Object, Object, Object, Object, Object, Object, Object, Object, Object, Object, Object] @ https://embed11.streamc.xyz/devtools.js:6
[ 2616299ms] [LOG] [Object, Object, Object, Object, Object, Object, Object, Object, Object, Object, Object, Object, Object, Object, Object, Object, Object, Object, Object, Object, Object, Object, Object, Object, Object, Object, Object, Object, Object, Object, Object, Object, Object, Object, Object, Object, Object, Object, Object, Object, Object, Object, Object, Object, Object, Object, Object, Object, Object, Object] @ https://embed11.streamc.xyz/devtools.js:6
[ 2616299ms] [LOG] [Object, Object, Object, Object, Object, Object, Object, Object, Object, Object, Object, Object, Object, Object, Object, Object, Object, Object, Object, Object, Object, Object, Object, Object, Object, Object, Object, Object, Object, Object, Object, Object, Object, Object, Object, Object, Object, Object, Object, Object, Object, Object, Object, Object, Object, Object, Object, Object, Object, Object] @ https://embed11.streamc.xyz/devtools.js:6
[ 2616398ms] [LOG] JSHandle@node @ https://embed11.streamc.xyz/devtools.js:6
[ 2616398ms] [LOG] function s(){} @ https://embed11.streamc.xyz/devtools.js:6
[ 2616398ms] [TABLE] {dep: / /} @ https://embed11.streamc.xyz/devtools.js:6
[ 2616398ms] [LOG] Mon Jul 13 2026 12:17:51 GMT+0700 (Indochina Time) @ https://embed11.streamc.xyz/devtools.js:6
[ 2616398ms] [LOG] {} @ https://embed11.streamc.xyz/devtools.js:6
[ 2616399ms] [TABLE] [Object, Object, Object, Object, Object, Object, Object, Object, Object, Object, Object, Object, Object, Object, Object, Object, Object, Object, Object, Object, Object, Object, Object, Object, Object, Object, Object, Object, Object, Object, Object, Object, Object, Object, Object, Object, Object, Object, Object, Object, Object, Object, Object, Object, Object, Object, Object, Object, Object, Object] @ https://embed11.streamc.xyz/devtools.js:6
[ 2616422ms] [LOG] [Object, Object, Object, Object, Object, Object, Object, Object, Object, Object, Object, Object, Object, Object, Object, Object, Object, Object, Object, Object, Object, Object, Object, Object, Object, Object, Object, Object, Object, Object, Object, Object, Object, Object, Object, Object, Object, Object, Object, Object, Object, Object, Object, Object, Object, Object, Object, Object, Object, Object] @ https://embed11.streamc.xyz/devtools.js:6
[ 2616422ms] [LOG] [Object, Object, Object, Object, Object, Object, Object, Object, Object, Object, Object, Object, Object, Object, Object, Object, Object, Object, Object, Object, Object, Object, Object, Object, Object, Object, Object, Object, Object, Object, Object, Object, Object, Object, Object, Object, Object, Object, Object, Object, Object, Object, Object, Object, Object, Object, Object, Object, Object, Object] @ https://embed11.streamc.xyz/devtools.js:6
[ 2616518ms] [LOG] JSHandle@node @ https://embed11.streamc.xyz/devtools.js:6
[ 2616518ms] [LOG] function s(){} @ https://embed11.streamc.xyz/devtools.js:6
[ 2616518ms] [TABLE] {dep: / /} @ https://embed11.streamc.xyz/devtools.js:6
[ 2616518ms] [LOG] Mon Jul 13 2026 12:17:51 GMT+0700 (Indochina Time) @ https://embed11.streamc.xyz/devtools.js:6
[ 2616518ms] [LOG] {} @ https://embed11.streamc.xyz/devtools.js:6
[ 2616519ms] [TABLE] [Object, Object, Object, Object, Object, Object, Object, Object, Object, Object, Object, Object, Object, Object, Object, Object, Object, Object, Object, Object, Object, Object, Object, Object, Object, Object, Object, Object, Object, Object, Object, Object, Object, Object, Object, Object, Object, Object, Object, Object, Object, Object, Object, Object, Object, Object, Object, Object, Object, Object] @ https://embed11.streamc.xyz/devtools.js:6
[ 2616542ms] [LOG] [Object, Object, Object, Object, Object, Object, Object, Object, Object, Object, Object, Object, Object, Object, Object, Object, Object, Object, Object, Object, Object, Object, Object, Object, Object, Object, Object, Object, Object, Object, Object, Object, Object, Object, Object, Object, Object, Object, Object, Object, Object, Object, Object, Object, Object, Object, Object, Object, Object, Object] @ https://embed11.streamc.xyz/devtools.js:6
[ 2616542ms] [LOG] [Object, Object, Object, Object, Object, Object, Object, Object, Object, Object, Object, Object, Object, Object, Object, Object, Object, Object, Object, Object, Object, Object, Object, Object, Object, Object, Object, Object, Object, Object, Object, Object, Object, Object, Object, Object, Object, Object, Object, Object, Object, Object, Object, Object, Object, Object, Object, Object, Object, Object] @ https://embed11.streamc.xyz/devtools.js:6
[ 2616643ms] [LOG] JSHandle@node @ https://embed11.streamc.xyz/devtools.js:6
[ 2616644ms] [LOG] function s(){} @ https://embed11.streamc.xyz/devtools.js:6
[ 2616644ms] [TABLE] {dep: / /} @ https://embed11.streamc.xyz/devtools.js:6
[ 2616644ms] [LOG] Mon Jul 13 2026 12:17:51 GMT+0700 (Indochina Time) @ https://embed11.streamc.xyz/devtools.js:6
[ 2616644ms] [LOG] {} @ https://embed11.streamc.xyz/devtools.js:6
[ 2616644ms] [TABLE] [Object, Object, Object, Object, Object, Object, Object, Object, Object, Object, Object, Object, Object, Object, Object, Object, Object, Object, Object, Object, Object, Object, Object, Object, Object, Object, Object, Object, Object, Object, Object, Object, Object, Object, Object, Object, Object, Object, Object, Object, Object, Object, Object, Object, Object, Object, Object, Object, Object, Object] @ https://embed11.streamc.xyz/devtools.js:6
[ 2616667ms] [LOG] [Object, Object, Object, Object, Object, Object, Object, Object, Object, Object, Object, Object, Object, Object, Object, Object, Object, Object, Object, Object, Object, Object, Object, Object, Object, Object, Object, Object, Object, Object, Object, Object, Object, Object, Object, Object, Object, Object, Object, Object, Object, Object, Object, Object, Object, Object, Object, Object, Object, Object] @ https://embed11.streamc.xyz/devtools.js:6
[ 2616667ms] [LOG] [Object, Object, Object, Object, Object, Object, Object, Object, Object, Object, Object, Object, Object, Object, Object, Object, Object, Object, Object, Object, Object, Object, Object, Object, Object, Object, Object, Object, Object, Object, Object, Object, Object, Object, Object, Object, Object, Object, Object, Object, Object, Object, Object, Object, Object, Object, Object, Object, Object, Object] @ https://embed11.streamc.xyz/devtools.js:6
[ 2616783ms] [LOG] JSHandle@node @ https://embed11.streamc.xyz/devtools.js:6
[ 2616783ms] [LOG] function s(){} @ https://embed11.streamc.xyz/devtools.js:6
[ 2616783ms] [TABLE] {dep: / /} @ https://embed11.streamc.xyz/devtools.js:6
[ 2616783ms] [LOG] Mon Jul 13 2026 12:17:51 GMT+0700 (Indochina Time) @ https://embed11.streamc.xyz/devtools.js:6
[ 2616783ms] [LOG] {} @ https://embed11.streamc.xyz/devtools.js:6
[ 2616783ms] [TABLE] [Object, Object, Object, Object, Object, Object, Object, Object, Object, Object, Object, Object, Object, Object, Object, Object, Object, Object, Object, Object, Object, Object, Object, Object, Object, Object, Object, Object, Object, Object, Object, Object, Object, Object, Object, Object, Object, Object, Object, Object, Object, Object, Object, Object, Object, Object, Object, Object, Object, Object] @ https://embed11.streamc.xyz/devtools.js:6
[ 2616807ms] [LOG] [Object, Object, Object, Object, Object, Object, Object, Object, Object, Object, Object, Object, Object, Object, Object, Object, Object, Object, Object, Object, Object, Object, Object, Object, Object, Object, Object, Object, Object, Object, Object, Object, Object, Object, Object, Object, Object, Object, Object, Object, Object, Object, Object, Object, Object, Object, Object, Object, Object, Object] @ https://embed11.streamc.xyz/devtools.js:6
[ 2616807ms] [LOG] [Object, Object, Object, Object, Object, Object, Object, Object, Object, Object, Object, Object, Object, Object, Object, Object, Object, Object, Object, Object, Object, Object, Object, Object, Object, Object, Object, Object, Object, Object, Object, Object, Object, Object, Object, Object, Object, Object, Object, Object, Object, Object, Object, Object, Object, Object, Object, Object, Object, Object] @ https://embed11.streamc.xyz/devtools.js:6
[ 2616908ms] [LOG] JSHandle@node @ https://embed11.streamc.xyz/devtools.js:6
[ 2616908ms] [LOG] function s(){} @ https://embed11.streamc.xyz/devtools.js:6
[ 2616908ms] [TABLE] {dep: / /} @ https://embed11.streamc.xyz/devtools.js:6
[ 2616908ms] [LOG] Mon Jul 13 2026 12:17:51 GMT+0700 (Indochina Time) @ https://embed11.streamc.xyz/devtools.js:6
[ 2616908ms] [LOG] {} @ https://embed11.streamc.xyz/devtools.js:6
[ 2616908ms] [TABLE] [Object, Object, Object, Object, Object, Object, Object, Object, Object, Object, Object, Object, Object, Object, Object, Object, Object, Object, Object, Object, Object, Object, Object, Object, Object, Object, Object, Object, Object, Object, Object, Object, Object, Object, Object, Object, Object, Object, Object, Object, Object, Object, Object, Object, Object, Object, Object, Object, Object, Object] @ https://embed11.streamc.xyz/devtools.js:6
[ 2616931ms] [LOG] [Object, Object, Object, Object, Object, Object, Object, Object, Object, Object, Object, Object, Object, Object, Object, Object, Object, Object, Object, Object, Object, Object, Object, Object, Object, Object, Object, Object, Object, Object, Object, Object, Object, Object, Object, Object, Object, Object, Object, Object, Object, Object, Object, Object, Object, Object, Object, Object, Object, Object] @ https://embed11.streamc.xyz/devtools.js:6
[ 2616932ms] [LOG] [Object, Object, Object, Object, Object, Object, Object, Object, Object, Object, Object, Object, Object, Object, Object, Object, Object, Object, Object, Object, Object, Object, Object, Object, Object, Object, Object, Object, Object, Object, Object, Object, Object, Object, Object, Object, Object, Object, Object, Object, Object, Object, Object, Object, Object, Object, Object, Object, Object, Object] @ https://embed11.streamc.xyz/devtools.js:6
[ 2617039ms] [LOG] JSHandle@node @ https://embed11.streamc.xyz/devtools.js:6
[ 2617039ms] [LOG] function s(){} @ https://embed11.streamc.xyz/devtools.js:6
[ 2617039ms] [TABLE] {dep: / /} @ https://embed11.streamc.xyz/devtools.js:6
[ 2617039ms] [LOG] Mon Jul 13 2026 12:17:51 GMT+0700 (Indochina Time) @ https://embed11.streamc.xyz/devtools.js:6
[ 2617039ms] [LOG] {} @ https://embed11.streamc.xyz/devtools.js:6
[ 2617040ms] [TABLE] [Object, Object, Object, Object, Object, Object, Object, Object, Object, Object, Object, Object, Object, Object, Object, Object, Object, Object, Object, Object, Object, Object, Object, Object, Object, Object, Object, Object, Object, Object, Object, Object, Object, Object, Object, Object, Object, Object, Object, Object, Object, Object, Object, Object, Object, Object, Object, Object, Object, Object] @ https://embed11.streamc.xyz/devtools.js:6
[ 2617063ms] [LOG] [Object, Object, Object, Object, Object, Object, Object, Object, Object, Object, Object, Object, Object, Object, Object, Object, Object, Object, Object, Object, Object, Object, Object, Object, Object, Object, Object, Object, Object, Object, Object, Object, Object, Object, Object, Object, Object, Object, Object, Object, Object, Object, Object, Object, Object, Object, Object, Object, Object, Object] @ https://embed11.streamc.xyz/devtools.js:6
[ 2617063ms] [LOG] [Object, Object, Object, Object, Object, Object, Object, Object, Object, Object, Object, Object, Object, Object, Object, Object, Object, Object, Object, Object, Object, Object, Object, Object, Object, Object, Object, Object, Object, Object, Object, Object, Object, Object, Object, Object, Object, Object, Object, Object, Object, Object, Object, Object, Object, Object, Object, Object, Object, Object] @ https://embed11.streamc.xyz/devtools.js:6
[ 2617402ms] [LOG] %c ArtPlayer %c 5.4.0 %c https://artplayer.org color: #fff; background: #5f5f5f color: #fff; background: #4bc729  @ https://player.phimapi.com/player/assets/artplayer.js?v=1780335844:6
[ 2647685ms] [LOG] JSHandle@node @ https://embed11.streamc.xyz/devtools.js:6
[ 2647685ms] [LOG] function s(){} @ https://embed11.streamc.xyz/devtools.js:6
[ 2647685ms] [TABLE] {dep: / /} @ https://embed11.streamc.xyz/devtools.js:6
[ 2647685ms] [LOG] Mon Jul 13 2026 12:18:22 GMT+0700 (Indochina Time) @ https://embed11.streamc.xyz/devtools.js:6
[ 2647686ms] [LOG] {} @ https://embed11.streamc.xyz/devtools.js:6
[ 2647686ms] [TABLE] [Object, Object, Object, Object, Object, Object, Object, Object, Object, Object, Object, Object, Object, Object, Object, Object, Object, Object, Object, Object, Object, Object, Object, Object, Object, Object, Object, Object, Object, Object, Object, Object, Object, Object, Object, Object, Object, Object, Object, Object, Object, Object, Object, Object, Object, Object, Object, Object, Object, Object] @ https://embed11.streamc.xyz/devtools.js:6
[ 2647710ms] [LOG] [Object, Object, Object, Object, Object, Object, Object, Object, Object, Object, Object, Object, Object, Object, Object, Object, Object, Object, Object, Object, Object, Object, Object, Object, Object, Object, Object, Object, Object, Object, Object, Object, Object, Object, Object, Object, Object, Object, Object, Object, Object, Object, Object, Object, Object, Object, Object, Object, Object, Object] @ https://embed11.streamc.xyz/devtools.js:6
[ 2647710ms] [LOG] [Object, Object, Object, Object, Object, Object, Object, Object, Object, Object, Object, Object, Object, Object, Object, Object, Object, Object, Object, Object, Object, Object, Object, Object, Object, Object, Object, Object, Object, Object, Object, Object, Object, Object, Object, Object, Object, Object, Object, Object, Object, Object, Object, Object, Object, Object, Object, Object, Object, Object] @ https://embed11.streamc.xyz/devtools.js:6
[ 2647815ms] [LOG] JSHandle@node @ https://embed11.streamc.xyz/devtools.js:6
[ 2647815ms] [LOG] function s(){} @ https://embed11.streamc.xyz/devtools.js:6
[ 2647815ms] [TABLE] {dep: / /} @ https://embed11.streamc.xyz/devtools.js:6
[ 2647815ms] [LOG] Mon Jul 13 2026 12:18:22 GMT+0700 (Indochina Time) @ https://embed11.streamc.xyz/devtools.js:6
[ 2647816ms] [LOG] {} @ https://embed11.streamc.xyz/devtools.js:6
[ 2647816ms] [TABLE] [Object, Object, Object, Object, Object, Object, Object, Object, Object, Object, Object, Object, Object, Object, Object, Object, Object, Object, Object, Object, Object, Object, Object, Object, Object, Object, Object, Object, Object, Object, Object, Object, Object, Object, Object, Object, Object, Object, Object, Object, Object, Object, Object, Object, Object, Object, Object, Object, Object, Object] @ https://embed11.streamc.xyz/devtools.js:6
[ 2647839ms] [LOG] [Object, Object, Object, Object, Object, Object, Object, Object, Object, Object, Object, Object, Object, Object, Object, Object, Object, Object, Object, Object, Object, Object, Object, Object, Object, Object, Object, Object, Object, Object, Object, Object, Object, Object, Object, Object, Object, Object, Object, Object, Object, Object, Object, Object, Object, Object, Object, Object, Object, Object] @ https://embed11.streamc.xyz/devtools.js:6
[ 2647839ms] [LOG] [Object, Object, Object, Object, Object, Object, Object, Object, Object, Object, Object, Object, Object, Object, Object, Object, Object, Object, Object, Object, Object, Object, Object, Object, Object, Object, Object, Object, Object, Object, Object, Object, Object, Object, Object, Object, Object, Object, Object, Object, Object, Object, Object, Object, Object, Object, Object, Object, Object, Object] @ https://embed11.streamc.xyz/devtools.js:6
[ 2647940ms] [LOG] JSHandle@node @ https://embed11.streamc.xyz/devtools.js:6
[ 2647940ms] [LOG] function s(){} @ https://embed11.streamc.xyz/devtools.js:6
[ 2647940ms] [TABLE] {dep: / /} @ https://embed11.streamc.xyz/devtools.js:6
[ 2647940ms] [LOG] Mon Jul 13 2026 12:18:22 GMT+0700 (Indochina Time) @ https://embed11.streamc.xyz/devtools.js:6
[ 2647940ms] [LOG] {} @ https://embed11.streamc.xyz/devtools.js:6
[ 2647940ms] [TABLE] [Object, Object, Object, Object, Object, Object, Object, Object, Object, Object, Object, Object, Object, Object, Object, Object, Object, Object, Object, Object, Object, Object, Object, Object, Object, Object, Object, Object, Object, Object, Object, Object, Object, Object, Object, Object, Object, Object, Object, Object, Object, Object, Object, Object, Object, Object, Object, Object, Object, Object] @ https://embed11.streamc.xyz/devtools.js:6
[ 2647965ms] [LOG] [Object, Object, Object, Object, Object, Object, Object, Object, Object, Object, Object, Object, Object, Object, Object, Object, Object, Object, Object, Object, Object, Object, Object, Object, Object, Object, Object, Object, Object, Object, Object, Object, Object, Object, Object, Object, Object, Object, Object, Object, Object, Object, Object, Object, Object, Object, Object, Object, Object, Object] @ https://embed11.streamc.xyz/devtools.js:6
[ 2647966ms] [LOG] [Object, Object, Object, Object, Object, Object, Object, Object, Object, Object, Object, Object, Object, Object, Object, Object, Object, Object, Object, Object, Object, Object, Object, Object, Object, Object, Object, Object, Object, Object, Object, Object, Object, Object, Object, Object, Object, Object, Object, Object, Object, Object, Object, Object, Object, Object, Object, Object, Object, Object] @ https://embed11.streamc.xyz/devtools.js:6
[ 2648070ms] [LOG] JSHandle@node @ https://embed11.streamc.xyz/devtools.js:6
[ 2648070ms] [LOG] function s(){} @ https://embed11.streamc.xyz/devtools.js:6
[ 2648070ms] [TABLE] {dep: / /} @ https://embed11.streamc.xyz/devtools.js:6
[ 2648070ms] [LOG] Mon Jul 13 2026 12:18:22 GMT+0700 (Indochina Time) @ https://embed11.streamc.xyz/devtools.js:6
[ 2648070ms] [LOG] {} @ https://embed11.streamc.xyz/devtools.js:6
[ 2648070ms] [TABLE] [Object, Object, Object, Object, Object, Object, Object, Object, Object, Object, Object, Object, Object, Object, Object, Object, Object, Object, Object, Object, Object, Object, Object, Object, Object, Object, Object, Object, Object, Object, Object, Object, Object, Object, Object, Object, Object, Object, Object, Object, Object, Object, Object, Object, Object, Object, Object, Object, Object, Object] @ https://embed11.streamc.xyz/devtools.js:6
[ 2648094ms] [LOG] [Object, Object, Object, Object, Object, Object, Object, Object, Object, Object, Object, Object, Object, Object, Object, Object, Object, Object, Object, Object, Object, Object, Object, Object, Object, Object, Object, Object, Object, Object, Object, Object, Object, Object, Object, Object, Object, Object, Object, Object, Object, Object, Object, Object, Object, Object, Object, Object, Object, Object] @ https://embed11.streamc.xyz/devtools.js:6
[ 2648094ms] [LOG] [Object, Object, Object, Object, Object, Object, Object, Object, Object, Object, Object, Object, Object, Object, Object, Object, Object, Object, Object, Object, Object, Object, Object, Object, Object, Object, Object, Object, Object, Object, Object, Object, Object, Object, Object, Object, Object, Object, Object, Object, Object, Object, Object, Object, Object, Object, Object, Object, Object, Object] @ https://embed11.streamc.xyz/devtools.js:6
[ 2648191ms] [LOG] JSHandle@node @ https://embed11.streamc.xyz/devtools.js:6
[ 2648191ms] [LOG] function s(){} @ https://embed11.streamc.xyz/devtools.js:6
[ 2648191ms] [TABLE] {dep: / /} @ https://embed11.streamc.xyz/devtools.js:6
[ 2648191ms] [LOG] Mon Jul 13 2026 12:18:22 GMT+0700 (Indochina Time) @ https://embed11.streamc.xyz/devtools.js:6
[ 2648191ms] [LOG] {} @ https://embed11.streamc.xyz/devtools.js:6
[ 2648191ms] [TABLE] [Object, Object, Object, Object, Object, Object, Object, Object, Object, Object, Object, Object, Object, Object, Object, Object, Object, Object, Object, Object, Object, Object, Object, Object, Object, Object, Object, Object, Object, Object, Object, Object, Object, Object, Object, Object, Object, Object, Object, Object, Object, Object, Object, Object, Object, Object, Object, Object, Object, Object] @ https://embed11.streamc.xyz/devtools.js:6
[ 2648215ms] [LOG] [Object, Object, Object, Object, Object, Object, Object, Object, Object, Object, Object, Object, Object, Object, Object, Object, Object, Object, Object, Object, Object, Object, Object, Object, Object, Object, Object, Object, Object, Object, Object, Object, Object, Object, Object, Object, Object, Object, Object, Object, Object, Object, Object, Object, Object, Object, Object, Object, Object, Object] @ https://embed11.streamc.xyz/devtools.js:6
[ 2648215ms] [LOG] [Object, Object, Object, Object, Object, Object, Object, Object, Object, Object, Object, Object, Object, Object, Object, Object, Object, Object, Object, Object, Object, Object, Object, Object, Object, Object, Object, Object, Object, Object, Object, Object, Object, Object, Object, Object, Object, Object, Object, Object, Object, Object, Object, Object, Object, Object, Object, Object, Object, Object] @ https://embed11.streamc.xyz/devtools.js:6
[ 2648311ms] [LOG] JSHandle@node @ https://embed11.streamc.xyz/devtools.js:6
[ 2648311ms] [LOG] function s(){} @ https://embed11.streamc.xyz/devtools.js:6
[ 2648311ms] [TABLE] {dep: / /} @ https://embed11.streamc.xyz/devtools.js:6
[ 2648311ms] [LOG] Mon Jul 13 2026 12:18:22 GMT+0700 (Indochina Time) @ https://embed11.streamc.xyz/devtools.js:6
[ 2648311ms] [LOG] {} @ https://embed11.streamc.xyz/devtools.js:6
[ 2648311ms] [TABLE] [Object, Object, Object, Object, Object, Object, Object, Object, Object, Object, Object, Object, Object, Object, Object, Object, Object, Object, Object, Object, Object, Object, Object, Object, Object, Object, Object, Object, Object, Object, Object, Object, Object, Object, Object, Object, Object, Object, Object, Object, Object, Object, Object, Object, Object, Object, Object, Object, Object, Object] @ https://embed11.streamc.xyz/devtools.js:6
[ 2648335ms] [LOG] [Object, Object, Object, Object, Object, Object, Object, Object, Object, Object, Object, Object, Object, Object, Object, Object, Object, Object, Object, Object, Object, Object, Object, Object, Object, Object, Object, Object, Object, Object, Object, Object, Object, Object, Object, Object, Object, Object, Object, Object, Object, Object, Object, Object, Object, Object, Object, Object, Object, Object] @ https://embed11.streamc.xyz/devtools.js:6
[ 2648335ms] [LOG] [Object, Object, Object, Object, Object, Object, Object, Object, Object, Object, Object, Object, Object, Object, Object, Object, Object, Object, Object, Object, Object, Object, Object, Object, Object, Object, Object, Object, Object, Object, Object, Object, Object, Object, Object, Object, Object, Object, Object, Object, Object, Object, Object, Object, Object, Object, Object, Object, Object, Object] @ https://embed11.streamc.xyz/devtools.js:6
[ 2648441ms] [LOG] JSHandle@node @ https://embed11.streamc.xyz/devtools.js:6
[ 2648441ms] [LOG] function s(){} @ https://embed11.streamc.xyz/devtools.js:6
[ 2648442ms] [TABLE] {dep: / /} @ https://embed11.streamc.xyz/devtools.js:6
[ 2648442ms] [LOG] Mon Jul 13 2026 12:18:23 GMT+0700 (Indochina Time) @ https://embed11.streamc.xyz/devtools.js:6
[ 2648442ms] [LOG] {} @ https://embed11.streamc.xyz/devtools.js:6
[ 2648442ms] [TABLE] [Object, Object, Object, Object, Object, Object, Object, Object, Object, Object, Object, Object, Object, Object, Object, Object, Object, Object, Object, Object, Object, Object, Object, Object, Object, Object, Object, Object, Object, Object, Object, Object, Object, Object, Object, Object, Object, Object, Object, Object, Object, Object, Object, Object, Object, Object, Object, Object, Object, Object] @ https://embed11.streamc.xyz/devtools.js:6
[ 2648466ms] [LOG] [Object, Object, Object, Object, Object, Object, Object, Object, Object, Object, Object, Object, Object, Object, Object, Object, Object, Object, Object, Object, Object, Object, Object, Object, Object, Object, Object, Object, Object, Object, Object, Object, Object, Object, Object, Object, Object, Object, Object, Object, Object, Object, Object, Object, Object, Object, Object, Object, Object, Object] @ https://embed11.streamc.xyz/devtools.js:6
[ 2648466ms] [LOG] [Object, Object, Object, Object, Object, Object, Object, Object, Object, Object, Object, Object, Object, Object, Object, Object, Object, Object, Object, Object, Object, Object, Object, Object, Object, Object, Object, Object, Object, Object, Object, Object, Object, Object, Object, Object, Object, Object, Object, Object, Object, Object, Object, Object, Object, Object, Object, Object, Object, Object] @ https://embed11.streamc.xyz/devtools.js:6
[ 2648566ms] [LOG] JSHandle@node @ https://embed11.streamc.xyz/devtools.js:6
[ 2648566ms] [LOG] function s(){} @ https://embed11.streamc.xyz/devtools.js:6
[ 2648566ms] [TABLE] {dep: / /} @ https://embed11.streamc.xyz/devtools.js:6
[ 2648567ms] [LOG] Mon Jul 13 2026 12:18:23 GMT+0700 (Indochina Time) @ https://embed11.streamc.xyz/devtools.js:6
[ 2648567ms] [LOG] {} @ https://embed11.streamc.xyz/devtools.js:6
[ 2648567ms] [TABLE] [Object, Object, Object, Object, Object, Object, Object, Object, Object, Object, Object, Object, Object, Object, Object, Object, Object, Object, Object, Object, Object, Object, Object, Object, Object, Object, Object, Object, Object, Object, Object, Object, Object, Object, Object, Object, Object, Object, Object, Object, Object, Object, Object, Object, Object, Object, Object, Object, Object, Object] @ https://embed11.streamc.xyz/devtools.js:6
[ 2648590ms] [LOG] [Object, Object, Object, Object, Object, Object, Object, Object, Object, Object, Object, Object, Object, Object, Object, Object, Object, Object, Object, Object, Object, Object, Object, Object, Object, Object, Object, Object, Object, Object, Object, Object, Object, Object, Object, Object, Object, Object, Object, Object, Object, Object, Object, Object, Object, Object, Object, Object, Object, Object] @ https://embed11.streamc.xyz/devtools.js:6
[ 2648590ms] [LOG] [Object, Object, Object, Object, Object, Object, Object, Object, Object, Object, Object, Object, Object, Object, Object, Object, Object, Object, Object, Object, Object, Object, Object, Object, Object, Object, Object, Object, Object, Object, Object, Object, Object, Object, Object, Object, Object, Object, Object, Object, Object, Object, Object, Object, Object, Object, Object, Object, Object, Object] @ https://embed11.streamc.xyz/devtools.js:6
[ 2648690ms] [LOG] JSHandle@node @ https://embed11.streamc.xyz/devtools.js:6
[ 2648691ms] [LOG] function s(){} @ https://embed11.streamc.xyz/devtools.js:6
[ 2648691ms] [TABLE] {dep: / /} @ https://embed11.streamc.xyz/devtools.js:6
[ 2648691ms] [LOG] Mon Jul 13 2026 12:18:23 GMT+0700 (Indochina Time) @ https://embed11.streamc.xyz/devtools.js:6
[ 2648691ms] [LOG] {} @ https://embed11.streamc.xyz/devtools.js:6
[ 2648691ms] [TABLE] [Object, Object, Object, Object, Object, Object, Object, Object, Object, Object, Object, Object, Object, Object, Object, Object, Object, Object, Object, Object, Object, Object, Object, Object, Object, Object, Object, Object, Object, Object, Object, Object, Object, Object, Object, Object, Object, Object, Object, Object, Object, Object, Object, Object, Object, Object, Object, Object, Object, Object] @ https://embed11.streamc.xyz/devtools.js:6
[ 2648715ms] [LOG] [Object, Object, Object, Object, Object, Object, Object, Object, Object, Object, Object, Object, Object, Object, Object, Object, Object, Object, Object, Object, Object, Object, Object, Object, Object, Object, Object, Object, Object, Object, Object, Object, Object, Object, Object, Object, Object, Object, Object, Object, Object, Object, Object, Object, Object, Object, Object, Object, Object, Object] @ https://embed11.streamc.xyz/devtools.js:6
[ 2648715ms] [LOG] [Object, Object, Object, Object, Object, Object, Object, Object, Object, Object, Object, Object, Object, Object, Object, Object, Object, Object, Object, Object, Object, Object, Object, Object, Object, Object, Object, Object, Object, Object, Object, Object, Object, Object, Object, Object, Object, Object, Object, Object, Object, Object, Object, Object, Object, Object, Object, Object, Object, Object] @ https://embed11.streamc.xyz/devtools.js:6
[ 2648814ms] [LOG] JSHandle@node @ https://embed11.streamc.xyz/devtools.js:6
[ 2648815ms] [LOG] function s(){} @ https://embed11.streamc.xyz/devtools.js:6
[ 2648815ms] [TABLE] {dep: / /} @ https://embed11.streamc.xyz/devtools.js:6
[ 2648815ms] [LOG] Mon Jul 13 2026 12:18:23 GMT+0700 (Indochina Time) @ https://embed11.streamc.xyz/devtools.js:6
[ 2648815ms] [LOG] {} @ https://embed11.streamc.xyz/devtools.js:6
[ 2648815ms] [TABLE] [Object, Object, Object, Object, Object, Object, Object, Object, Object, Object, Object, Object, Object, Object, Object, Object, Object, Object, Object, Object, Object, Object, Object, Object, Object, Object, Object, Object, Object, Object, Object, Object, Object, Object, Object, Object, Object, Object, Object, Object, Object, Object, Object, Object, Object, Object, Object, Object, Object, Object] @ https://embed11.streamc.xyz/devtools.js:6
[ 2648839ms] [LOG] [Object, Object, Object, Object, Object, Object, Object, Object, Object, Object, Object, Object, Object, Object, Object, Object, Object, Object, Object, Object, Object, Object, Object, Object, Object, Object, Object, Object, Object, Object, Object, Object, Object, Object, Object, Object, Object, Object, Object, Object, Object, Object, Object, Object, Object, Object, Object, Object, Object, Object] @ https://embed11.streamc.xyz/devtools.js:6
[ 2648839ms] [LOG] [Object, Object, Object, Object, Object, Object, Object, Object, Object, Object, Object, Object, Object, Object, Object, Object, Object, Object, Object, Object, Object, Object, Object, Object, Object, Object, Object, Object, Object, Object, Object, Object, Object, Object, Object, Object, Object, Object, Object, Object, Object, Object, Object, Object, Object, Object, Object, Object, Object, Object] @ https://embed11.streamc.xyz/devtools.js:6
[ 2648941ms] [LOG] JSHandle@node @ https://embed11.streamc.xyz/devtools.js:6
[ 2648941ms] [LOG] function s(){} @ https://embed11.streamc.xyz/devtools.js:6
[ 2648941ms] [TABLE] {dep: / /} @ https://embed11.streamc.xyz/devtools.js:6
[ 2648941ms] [LOG] Mon Jul 13 2026 12:18:23 GMT+0700 (Indochina Time) @ https://embed11.streamc.xyz/devtools.js:6
[ 2648941ms] [LOG] {} @ https://embed11.streamc.xyz/devtools.js:6
[ 2648941ms] [TABLE] [Object, Object, Object, Object, Object, Object, Object, Object, Object, Object, Object, Object, Object, Object, Object, Object, Object, Object, Object, Object, Object, Object, Object, Object, Object, Object, Object, Object, Object, Object, Object, Object, Object, Object, Object, Object, Object, Object, Object, Object, Object, Object, Object, Object, Object, Object, Object, Object, Object, Object] @ https://embed11.streamc.xyz/devtools.js:6
[ 2648965ms] [LOG] [Object, Object, Object, Object, Object, Object, Object, Object, Object, Object, Object, Object, Object, Object, Object, Object, Object, Object, Object, Object, Object, Object, Object, Object, Object, Object, Object, Object, Object, Object, Object, Object, Object, Object, Object, Object, Object, Object, Object, Object, Object, Object, Object, Object, Object, Object, Object, Object, Object, Object] @ https://embed11.streamc.xyz/devtools.js:6
[ 2648965ms] [LOG] [Object, Object, Object, Object, Object, Object, Object, Object, Object, Object, Object, Object, Object, Object, Object, Object, Object, Object, Object, Object, Object, Object, Object, Object, Object, Object, Object, Object, Object, Object, Object, Object, Object, Object, Object, Object, Object, Object, Object, Object, Object, Object, Object, Object, Object, Object, Object, Object, Object, Object] @ https://embed11.streamc.xyz/devtools.js:6
[ 2649073ms] [LOG] JSHandle@node @ https://embed11.streamc.xyz/devtools.js:6
[ 2649073ms] [LOG] function s(){} @ https://embed11.streamc.xyz/devtools.js:6
[ 2649073ms] [TABLE] {dep: / /} @ https://embed11.streamc.xyz/devtools.js:6
[ 2649073ms] [LOG] Mon Jul 13 2026 12:18:23 GMT+0700 (Indochina Time) @ https://embed11.streamc.xyz/devtools.js:6
[ 2649073ms] [LOG] {} @ https://embed11.streamc.xyz/devtools.js:6
[ 2649073ms] [TABLE] [Object, Object, Object, Object, Object, Object, Object, Object, Object, Object, Object, Object, Object, Object, Object, Object, Object, Object, Object, Object, Object, Object, Object, Object, Object, Object, Object, Object, Object, Object, Object, Object, Object, Object, Object, Object, Object, Object, Object, Object, Object, Object, Object, Object, Object, Object, Object, Object, Object, Object] @ https://embed11.streamc.xyz/devtools.js:6
[ 2649098ms] [LOG] [Object, Object, Object, Object, Object, Object, Object, Object, Object, Object, Object, Object, Object, Object, Object, Object, Object, Object, Object, Object, Object, Object, Object, Object, Object, Object, Object, Object, Object, Object, Object, Object, Object, Object, Object, Object, Object, Object, Object, Object, Object, Object, Object, Object, Object, Object, Object, Object, Object, Object] @ https://embed11.streamc.xyz/devtools.js:6
[ 2649098ms] [LOG] [Object, Object, Object, Object, Object, Object, Object, Object, Object, Object, Object, Object, Object, Object, Object, Object, Object, Object, Object, Object, Object, Object, Object, Object, Object, Object, Object, Object, Object, Object, Object, Object, Object, Object, Object, Object, Object, Object, Object, Object, Object, Object, Object, Object, Object, Object, Object, Object, Object, Object] @ https://embed11.streamc.xyz/devtools.js:6
[ 2649200ms] [LOG] JSHandle@node @ https://embed11.streamc.xyz/devtools.js:6
[ 2649200ms] [LOG] function s(){} @ https://embed11.streamc.xyz/devtools.js:6
[ 2649200ms] [TABLE] {dep: / /} @ https://embed11.streamc.xyz/devtools.js:6
[ 2649200ms] [LOG] Mon Jul 13 2026 12:18:23 GMT+0700 (Indochina Time) @ https://embed11.streamc.xyz/devtools.js:6
[ 2649200ms] [LOG] {} @ https://embed11.streamc.xyz/devtools.js:6
[ 2649200ms] [TABLE] [Object, Object, Object, Object, Object, Object, Object, Object, Object, Object, Object, Object, Object, Object, Object, Object, Object, Object, Object, Object, Object, Object, Object, Object, Object, Object, Object, Object, Object, Object, Object, Object, Object, Object, Object, Object, Object, Object, Object, Object, Object, Object, Object, Object, Object, Object, Object, Object, Object, Object] @ https://embed11.streamc.xyz/devtools.js:6
[ 2649223ms] [LOG] [Object, Object, Object, Object, Object, Object, Object, Object, Object, Object, Object, Object, Object, Object, Object, Object, Object, Object, Object, Object, Object, Object, Object, Object, Object, Object, Object, Object, Object, Object, Object, Object, Object, Object, Object, Object, Object, Object, Object, Object, Object, Object, Object, Object, Object, Object, Object, Object, Object, Object] @ https://embed11.streamc.xyz/devtools.js:6
[ 2649224ms] [LOG] [Object, Object, Object, Object, Object, Object, Object, Object, Object, Object, Object, Object, Object, Object, Object, Object, Object, Object, Object, Object, Object, Object, Object, Object, Object, Object, Object, Object, Object, Object, Object, Object, Object, Object, Object, Object, Object, Object, Object, Object, Object, Object, Object, Object, Object, Object, Object, Object, Object, Object] @ https://embed11.streamc.xyz/devtools.js:6
[ 2649325ms] [LOG] JSHandle@node @ https://embed11.streamc.xyz/devtools.js:6
[ 2649325ms] [LOG] function s(){} @ https://embed11.streamc.xyz/devtools.js:6
[ 2649325ms] [TABLE] {dep: / /} @ https://embed11.streamc.xyz/devtools.js:6
[ 2649325ms] [LOG] Mon Jul 13 2026 12:18:23 GMT+0700 (Indochina Time) @ https://embed11.streamc.xyz/devtools.js:6
[ 2649326ms] [LOG] {} @ https://embed11.streamc.xyz/devtools.js:6
[ 2649326ms] [TABLE] [Object, Object, Object, Object, Object, Object, Object, Object, Object, Object, Object, Object, Object, Object, Object, Object, Object, Object, Object, Object, Object, Object, Object, Object, Object, Object, Object, Object, Object, Object, Object, Object, Object, Object, Object, Object, Object, Object, Object, Object, Object, Object, Object, Object, Object, Object, Object, Object, Object, Object] @ https://embed11.streamc.xyz/devtools.js:6
[ 2649351ms] [LOG] [Object, Object, Object, Object, Object, Object, Object, Object, Object, Object, Object, Object, Object, Object, Object, Object, Object, Object, Object, Object, Object, Object, Object, Object, Object, Object, Object, Object, Object, Object, Object, Object, Object, Object, Object, Object, Object, Object, Object, Object, Object, Object, Object, Object, Object, Object, Object, Object, Object, Object] @ https://embed11.streamc.xyz/devtools.js:6
[ 2649351ms] [LOG] [Object, Object, Object, Object, Object, Object, Object, Object, Object, Object, Object, Object, Object, Object, Object, Object, Object, Object, Object, Object, Object, Object, Object, Object, Object, Object, Object, Object, Object, Object, Object, Object, Object, Object, Object, Object, Object, Object, Object, Object, Object, Object, Object, Object, Object, Object, Object, Object, Object, Object] @ https://embed11.streamc.xyz/devtools.js:6
[ 2649459ms] [LOG] JSHandle@node @ https://embed11.streamc.xyz/devtools.js:6
[ 2649460ms] [LOG] function s(){} @ https://embed11.streamc.xyz/devtools.js:6
[ 2649460ms] [TABLE] {dep: / /} @ https://embed11.streamc.xyz/devtools.js:6
[ 2649460ms] [LOG] Mon Jul 13 2026 12:18:24 GMT+0700 (Indochina Time) @ https://embed11.streamc.xyz/devtools.js:6
[ 2649460ms] [LOG] {} @ https://embed11.streamc.xyz/devtools.js:6
[ 2649460ms] [TABLE] [Object, Object, Object, Object, Object, Object, Object, Object, Object, Object, Object, Object, Object, Object, Object, Object, Object, Object, Object, Object, Object, Object, Object, Object, Object, Object, Object, Object, Object, Object, Object, Object, Object, Object, Object, Object, Object, Object, Object, Object, Object, Object, Object, Object, Object, Object, Object, Object, Object, Object] @ https://embed11.streamc.xyz/devtools.js:6
[ 2649484ms] [LOG] [Object, Object, Object, Object, Object, Object, Object, Object, Object, Object, Object, Object, Object, Object, Object, Object, Object, Object, Object, Object, Object, Object, Object, Object, Object, Object, Object, Object, Object, Object, Object, Object, Object, Object, Object, Object, Object, Object, Object, Object, Object, Object, Object, Object, Object, Object, Object, Object, Object, Object] @ https://embed11.streamc.xyz/devtools.js:6
[ 2649484ms] [LOG] [Object, Object, Object, Object, Object, Object, Object, Object, Object, Object, Object, Object, Object, Object, Object, Object, Object, Object, Object, Object, Object, Object, Object, Object, Object, Object, Object, Object, Object, Object, Object, Object, Object, Object, Object, Object, Object, Object, Object, Object, Object, Object, Object, Object, Object, Object, Object, Object, Object, Object] @ https://embed11.streamc.xyz/devtools.js:6
[ 2649588ms] [LOG] JSHandle@node @ https://embed11.streamc.xyz/devtools.js:6
[ 2649588ms] [LOG] function s(){} @ https://embed11.streamc.xyz/devtools.js:6
[ 2649588ms] [TABLE] {dep: / /} @ https://embed11.streamc.xyz/devtools.js:6
[ 2649588ms] [LOG] Mon Jul 13 2026 12:18:24 GMT+0700 (Indochina Time) @ https://embed11.streamc.xyz/devtools.js:6
[ 2649589ms] [LOG] {} @ https://embed11.streamc.xyz/devtools.js:6
[ 2649589ms] [TABLE] [Object, Object, Object, Object, Object, Object, Object, Object, Object, Object, Object, Object, Object, Object, Object, Object, Object, Object, Object, Object, Object, Object, Object, Object, Object, Object, Object, Object, Object, Object, Object, Object, Object, Object, Object, Object, Object, Object, Object, Object, Object, Object, Object, Object, Object, Object, Object, Object, Object, Object] @ https://embed11.streamc.xyz/devtools.js:6
[ 2649615ms] [LOG] [Object, Object, Object, Object, Object, Object, Object, Object, Object, Object, Object, Object, Object, Object, Object, Object, Object, Object, Object, Object, Object, Object, Object, Object, Object, Object, Object, Object, Object, Object, Object, Object, Object, Object, Object, Object, Object, Object, Object, Object, Object, Object, Object, Object, Object, Object, Object, Object, Object, Object] @ https://embed11.streamc.xyz/devtools.js:6
[ 2649615ms] [LOG] [Object, Object, Object, Object, Object, Object, Object, Object, Object, Object, Object, Object, Object, Object, Object, Object, Object, Object, Object, Object, Object, Object, Object, Object, Object, Object, Object, Object, Object, Object, Object, Object, Object, Object, Object, Object, Object, Object, Object, Object, Object, Object, Object, Object, Object, Object, Object, Object, Object, Object] @ https://embed11.streamc.xyz/devtools.js:6
[ 2650960ms] TypeError: Cannot read properties of null (reading 'addEventListener')
    at https://tgo-tv.net/embed/subnew/?d=ZSWCvU8A1TV0GFpRjE6TJtbcmhy4J9_OgbGN6Txs18o5UkH5ITLSXRDKXzcUiwAXg3pGPgKSGgOIg-ehe43lPmY5ZDfV5iZ3H5JHctdB7Ye5_7LWvVsQopEB2nWaJAPjbljzNERo45s2B3eiToSK-AX_xAHlFXrkyvOzesCqd8F5M2wS:4153:39
[ 2651050ms] [LOG] %c ArtPlayer %c 5.4.0 %c https://artplayer.org color: #fff; background: #5f5f5f color: #fff; background: #4bc729  @ https://cdn.jsdelivr.net/npm/artplayer@5.4.0/dist/artplayer.js:6
[ 2964854ms] [LOG] JQMIGRATE: Migrate is installed, version 3.4.1 @ https://motchilltv.uno/wp-includes/js/jquery/jquery-migrate.min.js?ver=3.4.1:1
[ 2966522ms] [LOG] JQMIGRATE: Migrate is installed, version 3.4.1 @ https://motchilltv.uno/wp-includes/js/jquery/jquery-migrate.min.js?ver=3.4.1:1
[ 2966528ms] TypeError: Cannot set properties of null (setting 'onclick')
    at https://motchilltv.uno/episodes/thien-huong-tap-3/:20:6013
[ 2967408ms] [LOG] %c ArtPlayer %c 5.4.0 %c https://artplayer.org color: #fff; background: #5f5f5f color: #fff; background: #4bc729  @ https://player.phimapi.com/player/assets/artplayer.js?v=1780335844:6
[ 2974613ms] [LOG] JQMIGRATE: Migrate is installed, version 3.4.1 @ https://motchilltv.uno/wp-includes/js/jquery/jquery-migrate.min.js?ver=3.4.1:1
[ 2975518ms] [LOG] JSHandle@node @ https://embed18.streamc.xyz/devtools.js:6
[ 2975519ms] [LOG] function s(){} @ https://embed18.streamc.xyz/devtools.js:6
[ 2975519ms] [TABLE] {dep: / /} @ https://embed18.streamc.xyz/devtools.js:6
[ 2975519ms] [LOG] Mon Jul 13 2026 12:23:50 GMT+0700 (Indochina Time) @ https://embed18.streamc.xyz/devtools.js:6
[ 2975520ms] [LOG] {} @ https://embed18.streamc.xyz/devtools.js:6
[ 2975520ms] [TABLE] [Object, Object, Object, Object, Object, Object, Object, Object, Object, Object, Object, Object, Object, Object, Object, Object, Object, Object, Object, Object, Object, Object, Object, Object, Object, Object, Object, Object, Object, Object, Object, Object, Object, Object, Object, Object, Object, Object, Object, Object, Object, Object, Object, Object, Object, Object, Object, Object, Object, Object] @ https://embed18.streamc.xyz/devtools.js:6
[ 2975545ms] [LOG] [Object, Object, Object, Object, Object, Object, Object, Object, Object, Object, Object, Object, Object, Object, Object, Object, Object, Object, Object, Object, Object, Object, Object, Object, Object, Object, Object, Object, Object, Object, Object, Object, Object, Object, Object, Object, Object, Object, Object, Object, Object, Object, Object, Object, Object, Object, Object, Object, Object, Object] @ https://embed18.streamc.xyz/devtools.js:6
[ 2975545ms] [LOG] [Object, Object, Object, Object, Object, Object, Object, Object, Object, Object, Object, Object, Object, Object, Object, Object, Object, Object, Object, Object, Object, Object, Object, Object, Object, Object, Object, Object, Object, Object, Object, Object, Object, Object, Object, Object, Object, Object, Object, Object, Object, Object, Object, Object, Object, Object, Object, Object, Object, Object] @ https://embed18.streamc.xyz/devtools.js:6
[ 2975658ms] [LOG] JSHandle@node @ https://embed18.streamc.xyz/devtools.js:6
[ 2975658ms] [LOG] function s(){} @ https://embed18.streamc.xyz/devtools.js:6
[ 2975658ms] [TABLE] {dep: / /} @ https://embed18.streamc.xyz/devtools.js:6
[ 2975658ms] [LOG] Mon Jul 13 2026 12:23:50 GMT+0700 (Indochina Time) @ https://embed18.streamc.xyz/devtools.js:6
[ 2975658ms] [LOG] {} @ https://embed18.streamc.xyz/devtools.js:6
[ 2975658ms] [TABLE] [Object, Object, Object, Object, Object, Object, Object, Object, Object, Object, Object, Object, Object, Object, Object, Object, Object, Object, Object, Object, Object, Object, Object, Object, Object, Object, Object, Object, Object, Object, Object, Object, Object, Object, Object, Object, Object, Object, Object, Object, Object, Object, Object, Object, Object, Object, Object, Object, Object, Object] @ https://embed18.streamc.xyz/devtools.js:6
[ 2975682ms] [LOG] [Object, Object, Object, Object, Object, Object, Object, Object, Object, Object, Object, Object, Object, Object, Object, Object, Object, Object, Object, Object, Object, Object, Object, Object, Object, Object, Object, Object, Object, Object, Object, Object, Object, Object, Object, Object, Object, Object, Object, Object, Object, Object, Object, Object, Object, Object, Object, Object, Object, Object] @ https://embed18.streamc.xyz/devtools.js:6
[ 2975682ms] [LOG] [Object, Object, Object, Object, Object, Object, Object, Object, Object, Object, Object, Object, Object, Object, Object, Object, Object, Object, Object, Object, Object, Object, Object, Object, Object, Object, Object, Object, Object, Object, Object, Object, Object, Object, Object, Object, Object, Object, Object, Object, Object, Object, Object, Object, Object, Object, Object, Object, Object, Object] @ https://embed18.streamc.xyz/devtools.js:6
[ 2975792ms] [LOG] JSHandle@node @ https://embed18.streamc.xyz/devtools.js:6
[ 2975792ms] [LOG] function s(){} @ https://embed18.streamc.xyz/devtools.js:6
[ 2975792ms] [TABLE] {dep: / /} @ https://embed18.streamc.xyz/devtools.js:6
[ 2975793ms] [LOG] Mon Jul 13 2026 12:23:50 GMT+0700 (Indochina Time) @ https://embed18.streamc.xyz/devtools.js:6
[ 2975793ms] [LOG] {} @ https://embed18.streamc.xyz/devtools.js:6
[ 2975793ms] [TABLE] [Object, Object, Object, Object, Object, Object, Object, Object, Object, Object, Object, Object, Object, Object, Object, Object, Object, Object, Object, Object, Object, Object, Object, Object, Object, Object, Object, Object, Object, Object, Object, Object, Object, Object, Object, Object, Object, Object, Object, Object, Object, Object, Object, Object, Object, Object, Object, Object, Object, Object] @ https://embed18.streamc.xyz/devtools.js:6
[ 2975818ms] [LOG] [Object, Object, Object, Object, Object, Object, Object, Object, Object, Object, Object, Object, Object, Object, Object, Object, Object, Object, Object, Object, Object, Object, Object, Object, Object, Object, Object, Object, Object, Object, Object, Object, Object, Object, Object, Object, Object, Object, Object, Object, Object, Object, Object, Object, Object, Object, Object, Object, Object, Object] @ https://embed18.streamc.xyz/devtools.js:6
[ 2975818ms] [LOG] [Object, Object, Object, Object, Object, Object, Object, Object, Object, Object, Object, Object, Object, Object, Object, Object, Object, Object, Object, Object, Object, Object, Object, Object, Object, Object, Object, Object, Object, Object, Object, Object, Object, Object, Object, Object, Object, Object, Object, Object, Object, Object, Object, Object, Object, Object, Object, Object, Object, Object] @ https://embed18.streamc.xyz/devtools.js:6
[ 2975924ms] [LOG] JSHandle@node @ https://embed18.streamc.xyz/devtools.js:6
[ 2975924ms] [LOG] function s(){} @ https://embed18.streamc.xyz/devtools.js:6
[ 2975924ms] [TABLE] {dep: / /} @ https://embed18.streamc.xyz/devtools.js:6
[ 2975924ms] [LOG] Mon Jul 13 2026 12:23:50 GMT+0700 (Indochina Time) @ https://embed18.streamc.xyz/devtools.js:6
[ 2975924ms] [LOG] {} @ https://embed18.streamc.xyz/devtools.js:6
[ 2975925ms] [TABLE] [Object, Object, Object, Object, Object, Object, Object, Object, Object, Object, Object, Object, Object, Object, Object, Object, Object, Object, Object, Object, Object, Object, Object, Object, Object, Object, Object, Object, Object, Object, Object, Object, Object, Object, Object, Object, Object, Object, Object, Object, Object, Object, Object, Object, Object, Object, Object, Object, Object, Object] @ https://embed18.streamc.xyz/devtools.js:6
[ 2975949ms] [LOG] [Object, Object, Object, Object, Object, Object, Object, Object, Object, Object, Object, Object, Object, Object, Object, Object, Object, Object, Object, Object, Object, Object, Object, Object, Object, Object, Object, Object, Object, Object, Object, Object, Object, Object, Object, Object, Object, Object, Object, Object, Object, Object, Object, Object, Object, Object, Object, Object, Object, Object] @ https://embed18.streamc.xyz/devtools.js:6
[ 2975949ms] [LOG] [Object, Object, Object, Object, Object, Object, Object, Object, Object, Object, Object, Object, Object, Object, Object, Object, Object, Object, Object, Object, Object, Object, Object, Object, Object, Object, Object, Object, Object, Object, Object, Object, Object, Object, Object, Object, Object, Object, Object, Object, Object, Object, Object, Object, Object, Object, Object, Object, Object, Object] @ https://embed18.streamc.xyz/devtools.js:6
[ 2976057ms] [LOG] JSHandle@node @ https://embed18.streamc.xyz/devtools.js:6
[ 2976057ms] [LOG] function s(){} @ https://embed18.streamc.xyz/devtools.js:6
[ 2976057ms] [TABLE] {dep: / /} @ https://embed18.streamc.xyz/devtools.js:6
[ 2976057ms] [LOG] Mon Jul 13 2026 12:23:50 GMT+0700 (Indochina Time) @ https://embed18.streamc.xyz/devtools.js:6
[ 2976057ms] [LOG] {} @ https://embed18.streamc.xyz/devtools.js:6
[ 2976057ms] [TABLE] [Object, Object, Object, Object, Object, Object, Object, Object, Object, Object, Object, Object, Object, Object, Object, Object, Object, Object, Object, Object, Object, Object, Object, Object, Object, Object, Object, Object, Object, Object, Object, Object, Object, Object, Object, Object, Object, Object, Object, Object, Object, Object, Object, Object, Object, Object, Object, Object, Object, Object] @ https://embed18.streamc.xyz/devtools.js:6
[ 2976081ms] [LOG] [Object, Object, Object, Object, Object, Object, Object, Object, Object, Object, Object, Object, Object, Object, Object, Object, Object, Object, Object, Object, Object, Object, Object, Object, Object, Object, Object, Object, Object, Object, Object, Object, Object, Object, Object, Object, Object, Object, Object, Object, Object, Object, Object, Object, Object, Object, Object, Object, Object, Object] @ https://embed18.streamc.xyz/devtools.js:6
[ 2976081ms] [LOG] [Object, Object, Object, Object, Object, Object, Object, Object, Object, Object, Object, Object, Object, Object, Object, Object, Object, Object, Object, Object, Object, Object, Object, Object, Object, Object, Object, Object, Object, Object, Object, Object, Object, Object, Object, Object, Object, Object, Object, Object, Object, Object, Object, Object, Object, Object, Object, Object, Object, Object] @ https://embed18.streamc.xyz/devtools.js:6
[ 2976203ms] [LOG] JSHandle@node @ https://embed18.streamc.xyz/devtools.js:6
[ 2976204ms] [LOG] function s(){} @ https://embed18.streamc.xyz/devtools.js:6
[ 2976204ms] [TABLE] {dep: / /} @ https://embed18.streamc.xyz/devtools.js:6
[ 2976204ms] [LOG] Mon Jul 13 2026 12:23:50 GMT+0700 (Indochina Time) @ https://embed18.streamc.xyz/devtools.js:6
[ 2976204ms] [LOG] {} @ https://embed18.streamc.xyz/devtools.js:6
[ 2976204ms] [TABLE] [Object, Object, Object, Object, Object, Object, Object, Object, Object, Object, Object, Object, Object, Object, Object, Object, Object, Object, Object, Object, Object, Object, Object, Object, Object, Object, Object, Object, Object, Object, Object, Object, Object, Object, Object, Object, Object, Object, Object, Object, Object, Object, Object, Object, Object, Object, Object, Object, Object, Object] @ https://embed18.streamc.xyz/devtools.js:6
[ 2976227ms] [LOG] [Object, Object, Object, Object, Object, Object, Object, Object, Object, Object, Object, Object, Object, Object, Object, Object, Object, Object, Object, Object, Object, Object, Object, Object, Object, Object, Object, Object, Object, Object, Object, Object, Object, Object, Object, Object, Object, Object, Object, Object, Object, Object, Object, Object, Object, Object, Object, Object, Object, Object] @ https://embed18.streamc.xyz/devtools.js:6
[ 2976228ms] [LOG] [Object, Object, Object, Object, Object, Object, Object, Object, Object, Object, Object, Object, Object, Object, Object, Object, Object, Object, Object, Object, Object, Object, Object, Object, Object, Object, Object, Object, Object, Object, Object, Object, Object, Object, Object, Object, Object, Object, Object, Object, Object, Object, Object, Object, Object, Object, Object, Object, Object, Object] @ https://embed18.streamc.xyz/devtools.js:6
[ 2976334ms] [LOG] JSHandle@node @ https://embed18.streamc.xyz/devtools.js:6
[ 2976334ms] [LOG] function s(){} @ https://embed18.streamc.xyz/devtools.js:6
[ 2976334ms] [TABLE] {dep: / /} @ https://embed18.streamc.xyz/devtools.js:6
[ 2976334ms] [LOG] Mon Jul 13 2026 12:23:50 GMT+0700 (Indochina Time) @ https://embed18.streamc.xyz/devtools.js:6
[ 2976334ms] [LOG] {} @ https://embed18.streamc.xyz/devtools.js:6
[ 2976334ms] [TABLE] [Object, Object, Object, Object, Object, Object, Object, Object, Object, Object, Object, Object, Object, Object, Object, Object, Object, Object, Object, Object, Object, Object, Object, Object, Object, Object, Object, Object, Object, Object, Object, Object, Object, Object, Object, Object, Object, Object, Object, Object, Object, Object, Object, Object, Object, Object, Object, Object, Object, Object] @ https://embed18.streamc.xyz/devtools.js:6
[ 2976358ms] [LOG] [Object, Object, Object, Object, Object, Object, Object, Object, Object, Object, Object, Object, Object, Object, Object, Object, Object, Object, Object, Object, Object, Object, Object, Object, Object, Object, Object, Object, Object, Object, Object, Object, Object, Object, Object, Object, Object, Object, Object, Object, Object, Object, Object, Object, Object, Object, Object, Object, Object, Object] @ https://embed18.streamc.xyz/devtools.js:6
[ 2976358ms] [LOG] [Object, Object, Object, Object, Object, Object, Object, Object, Object, Object, Object, Object, Object, Object, Object, Object, Object, Object, Object, Object, Object, Object, Object, Object, Object, Object, Object, Object, Object, Object, Object, Object, Object, Object, Object, Object, Object, Object, Object, Object, Object, Object, Object, Object, Object, Object, Object, Object, Object, Object] @ https://embed18.streamc.xyz/devtools.js:6
[ 2976460ms] [LOG] JSHandle@node @ https://embed18.streamc.xyz/devtools.js:6
[ 2976460ms] [LOG] function s(){} @ https://embed18.streamc.xyz/devtools.js:6
[ 2976460ms] [TABLE] {dep: / /} @ https://embed18.streamc.xyz/devtools.js:6
[ 2976461ms] [LOG] Mon Jul 13 2026 12:23:51 GMT+0700 (Indochina Time) @ https://embed18.streamc.xyz/devtools.js:6
[ 2976461ms] [LOG] {} @ https://embed18.streamc.xyz/devtools.js:6
[ 2976461ms] [TABLE] [Object, Object, Object, Object, Object, Object, Object, Object, Object, Object, Object, Object, Object, Object, Object, Object, Object, Object, Object, Object, Object, Object, Object, Object, Object, Object, Object, Object, Object, Object, Object, Object, Object, Object, Object, Object, Object, Object, Object, Object, Object, Object, Object, Object, Object, Object, Object, Object, Object, Object] @ https://embed18.streamc.xyz/devtools.js:6
[ 2976484ms] [LOG] [Object, Object, Object, Object, Object, Object, Object, Object, Object, Object, Object, Object, Object, Object, Object, Object, Object, Object, Object, Object, Object, Object, Object, Object, Object, Object, Object, Object, Object, Object, Object, Object, Object, Object, Object, Object, Object, Object, Object, Object, Object, Object, Object, Object, Object, Object, Object, Object, Object, Object] @ https://embed18.streamc.xyz/devtools.js:6
[ 2976484ms] [LOG] [Object, Object, Object, Object, Object, Object, Object, Object, Object, Object, Object, Object, Object, Object, Object, Object, Object, Object, Object, Object, Object, Object, Object, Object, Object, Object, Object, Object, Object, Object, Object, Object, Object, Object, Object, Object, Object, Object, Object, Object, Object, Object, Object, Object, Object, Object, Object, Object, Object, Object] @ https://embed18.streamc.xyz/devtools.js:6
[ 2976588ms] [LOG] JSHandle@node @ https://embed18.streamc.xyz/devtools.js:6
[ 2976588ms] [LOG] function s(){} @ https://embed18.streamc.xyz/devtools.js:6
[ 2976588ms] [TABLE] {dep: / /} @ https://embed18.streamc.xyz/devtools.js:6
[ 2976589ms] [LOG] Mon Jul 13 2026 12:23:51 GMT+0700 (Indochina Time) @ https://embed18.streamc.xyz/devtools.js:6
[ 2976589ms] [LOG] {} @ https://embed18.streamc.xyz/devtools.js:6
[ 2976589ms] [TABLE] [Object, Object, Object, Object, Object, Object, Object, Object, Object, Object, Object, Object, Object, Object, Object, Object, Object, Object, Object, Object, Object, Object, Object, Object, Object, Object, Object, Object, Object, Object, Object, Object, Object, Object, Object, Object, Object, Object, Object, Object, Object, Object, Object, Object, Object, Object, Object, Object, Object, Object] @ https://embed18.streamc.xyz/devtools.js:6
[ 2976616ms] [LOG] [Object, Object, Object, Object, Object, Object, Object, Object, Object, Object, Object, Object, Object, Object, Object, Object, Object, Object, Object, Object, Object, Object, Object, Object, Object, Object, Object, Object, Object, Object, Object, Object, Object, Object, Object, Object, Object, Object, Object, Object, Object, Object, Object, Object, Object, Object, Object, Object, Object, Object] @ https://embed18.streamc.xyz/devtools.js:6
[ 2976616ms] [LOG] [Object, Object, Object, Object, Object, Object, Object, Object, Object, Object, Object, Object, Object, Object, Object, Object, Object, Object, Object, Object, Object, Object, Object, Object, Object, Object, Object, Object, Object, Object, Object, Object, Object, Object, Object, Object, Object, Object, Object, Object, Object, Object, Object, Object, Object, Object, Object, Object, Object, Object] @ https://embed18.streamc.xyz/devtools.js:6
[ 2976728ms] [LOG] JSHandle@node @ https://embed18.streamc.xyz/devtools.js:6
[ 2976728ms] [LOG] function s(){} @ https://embed18.streamc.xyz/devtools.js:6
[ 2976728ms] [TABLE] {dep: / /} @ https://embed18.streamc.xyz/devtools.js:6
[ 2976728ms] [LOG] Mon Jul 13 2026 12:23:51 GMT+0700 (Indochina Time) @ https://embed18.streamc.xyz/devtools.js:6
[ 2976728ms] [LOG] {} @ https://embed18.streamc.xyz/devtools.js:6
[ 2976728ms] [TABLE] [Object, Object, Object, Object, Object, Object, Object, Object, Object, Object, Object, Object, Object, Object, Object, Object, Object, Object, Object, Object, Object, Object, Object, Object, Object, Object, Object, Object, Object, Object, Object, Object, Object, Object, Object, Object, Object, Object, Object, Object, Object, Object, Object, Object, Object, Object, Object, Object, Object, Object] @ https://embed18.streamc.xyz/devtools.js:6
[ 2976754ms] [LOG] [Object, Object, Object, Object, Object, Object, Object, Object, Object, Object, Object, Object, Object, Object, Object, Object, Object, Object, Object, Object, Object, Object, Object, Object, Object, Object, Object, Object, Object, Object, Object, Object, Object, Object, Object, Object, Object, Object, Object, Object, Object, Object, Object, Object, Object, Object, Object, Object, Object, Object] @ https://embed18.streamc.xyz/devtools.js:6
[ 2976754ms] [LOG] [Object, Object, Object, Object, Object, Object, Object, Object, Object, Object, Object, Object, Object, Object, Object, Object, Object, Object, Object, Object, Object, Object, Object, Object, Object, Object, Object, Object, Object, Object, Object, Object, Object, Object, Object, Object, Object, Object, Object, Object, Object, Object, Object, Object, Object, Object, Object, Object, Object, Object] @ https://embed18.streamc.xyz/devtools.js:6
[ 2976856ms] [LOG] JSHandle@node @ https://embed18.streamc.xyz/devtools.js:6
[ 2976856ms] [LOG] function s(){} @ https://embed18.streamc.xyz/devtools.js:6
[ 2976856ms] [TABLE] {dep: / /} @ https://embed18.streamc.xyz/devtools.js:6
[ 2976856ms] [LOG] Mon Jul 13 2026 12:23:51 GMT+0700 (Indochina Time) @ https://embed18.streamc.xyz/devtools.js:6
[ 2976856ms] [LOG] {} @ https://embed18.streamc.xyz/devtools.js:6
[ 2976857ms] [TABLE] [Object, Object, Object, Object, Object, Object, Object, Object, Object, Object, Object, Object, Object, Object, Object, Object, Object, Object, Object, Object, Object, Object, Object, Object, Object, Object, Object, Object, Object, Object, Object, Object, Object, Object, Object, Object, Object, Object, Object, Object, Object, Object, Object, Object, Object, Object, Object, Object, Object, Object] @ https://embed18.streamc.xyz/devtools.js:6
[ 2976883ms] [LOG] [Object, Object, Object, Object, Object, Object, Object, Object, Object, Object, Object, Object, Object, Object, Object, Object, Object, Object, Object, Object, Object, Object, Object, Object, Object, Object, Object, Object, Object, Object, Object, Object, Object, Object, Object, Object, Object, Object, Object, Object, Object, Object, Object, Object, Object, Object, Object, Object, Object, Object] @ https://embed18.streamc.xyz/devtools.js:6
[ 2976883ms] [LOG] [Object, Object, Object, Object, Object, Object, Object, Object, Object, Object, Object, Object, Object, Object, Object, Object, Object, Object, Object, Object, Object, Object, Object, Object, Object, Object, Object, Object, Object, Object, Object, Object, Object, Object, Object, Object, Object, Object, Object, Object, Object, Object, Object, Object, Object, Object, Object, Object, Object, Object] @ https://embed18.streamc.xyz/devtools.js:6
[ 2976995ms] [LOG] JSHandle@node @ https://embed18.streamc.xyz/devtools.js:6
[ 2976995ms] [LOG] function s(){} @ https://embed18.streamc.xyz/devtools.js:6
[ 2976995ms] [TABLE] {dep: / /} @ https://embed18.streamc.xyz/devtools.js:6
[ 2976995ms] [LOG] Mon Jul 13 2026 12:23:51 GMT+0700 (Indochina Time) @ https://embed18.streamc.xyz/devtools.js:6
[ 2976995ms] [LOG] {} @ https://embed18.streamc.xyz/devtools.js:6
[ 2976995ms] [TABLE] [Object, Object, Object, Object, Object, Object, Object, Object, Object, Object, Object, Object, Object, Object, Object, Object, Object, Object, Object, Object, Object, Object, Object, Object, Object, Object, Object, Object, Object, Object, Object, Object, Object, Object, Object, Object, Object, Object, Object, Object, Object, Object, Object, Object, Object, Object, Object, Object, Object, Object] @ https://embed18.streamc.xyz/devtools.js:6
[ 2977020ms] [LOG] [Object, Object, Object, Object, Object, Object, Object, Object, Object, Object, Object, Object, Object, Object, Object, Object, Object, Object, Object, Object, Object, Object, Object, Object, Object, Object, Object, Object, Object, Object, Object, Object, Object, Object, Object, Object, Object, Object, Object, Object, Object, Object, Object, Object, Object, Object, Object, Object, Object, Object] @ https://embed18.streamc.xyz/devtools.js:6
[ 2977020ms] [LOG] [Object, Object, Object, Object, Object, Object, Object, Object, Object, Object, Object, Object, Object, Object, Object, Object, Object, Object, Object, Object, Object, Object, Object, Object, Object, Object, Object, Object, Object, Object, Object, Object, Object, Object, Object, Object, Object, Object, Object, Object, Object, Object, Object, Object, Object, Object, Object, Object, Object, Object] @ https://embed18.streamc.xyz/devtools.js:6
[ 2977124ms] [LOG] JSHandle@node @ https://embed18.streamc.xyz/devtools.js:6
[ 2977124ms] [LOG] function s(){} @ https://embed18.streamc.xyz/devtools.js:6
[ 2977124ms] [TABLE] {dep: / /} @ https://embed18.streamc.xyz/devtools.js:6
[ 2977124ms] [LOG] Mon Jul 13 2026 12:23:51 GMT+0700 (Indochina Time) @ https://embed18.streamc.xyz/devtools.js:6
[ 2977125ms] [LOG] {} @ https://embed18.streamc.xyz/devtools.js:6
[ 2977125ms] [TABLE] [Object, Object, Object, Object, Object, Object, Object, Object, Object, Object, Object, Object, Object, Object, Object, Object, Object, Object, Object, Object, Object, Object, Object, Object, Object, Object, Object, Object, Object, Object, Object, Object, Object, Object, Object, Object, Object, Object, Object, Object, Object, Object, Object, Object, Object, Object, Object, Object, Object, Object] @ https://embed18.streamc.xyz/devtools.js:6
[ 2977148ms] [LOG] [Object, Object, Object, Object, Object, Object, Object, Object, Object, Object, Object, Object, Object, Object, Object, Object, Object, Object, Object, Object, Object, Object, Object, Object, Object, Object, Object, Object, Object, Object, Object, Object, Object, Object, Object, Object, Object, Object, Object, Object, Object, Object, Object, Object, Object, Object, Object, Object, Object, Object] @ https://embed18.streamc.xyz/devtools.js:6
[ 2977148ms] [LOG] [Object, Object, Object, Object, Object, Object, Object, Object, Object, Object, Object, Object, Object, Object, Object, Object, Object, Object, Object, Object, Object, Object, Object, Object, Object, Object, Object, Object, Object, Object, Object, Object, Object, Object, Object, Object, Object, Object, Object, Object, Object, Object, Object, Object, Object, Object, Object, Object, Object, Object] @ https://embed18.streamc.xyz/devtools.js:6
[ 2977250ms] [LOG] JSHandle@node @ https://embed18.streamc.xyz/devtools.js:6
[ 2977251ms] [LOG] function s(){} @ https://embed18.streamc.xyz/devtools.js:6
[ 2977251ms] [TABLE] {dep: / /} @ https://embed18.streamc.xyz/devtools.js:6
[ 2977251ms] [LOG] Mon Jul 13 2026 12:23:51 GMT+0700 (Indochina Time) @ https://embed18.streamc.xyz/devtools.js:6
[ 2977251ms] [LOG] {} @ https://embed18.streamc.xyz/devtools.js:6
[ 2977251ms] [TABLE] [Object, Object, Object, Object, Object, Object, Object, Object, Object, Object, Object, Object, Object, Object, Object, Object, Object, Object, Object, Object, Object, Object, Object, Object, Object, Object, Object, Object, Object, Object, Object, Object, Object, Object, Object, Object, Object, Object, Object, Object, Object, Object, Object, Object, Object, Object, Object, Object, Object, Object] @ https://embed18.streamc.xyz/devtools.js:6
[ 2977274ms] [LOG] [Object, Object, Object, Object, Object, Object, Object, Object, Object, Object, Object, Object, Object, Object, Object, Object, Object, Object, Object, Object, Object, Object, Object, Object, Object, Object, Object, Object, Object, Object, Object, Object, Object, Object, Object, Object, Object, Object, Object, Object, Object, Object, Object, Object, Object, Object, Object, Object, Object, Object] @ https://embed18.streamc.xyz/devtools.js:6
[ 2977275ms] [LOG] [Object, Object, Object, Object, Object, Object, Object, Object, Object, Object, Object, Object, Object, Object, Object, Object, Object, Object, Object, Object, Object, Object, Object, Object, Object, Object, Object, Object, Object, Object, Object, Object, Object, Object, Object, Object, Object, Object, Object, Object, Object, Object, Object, Object, Object, Object, Object, Object, Object, Object] @ https://embed18.streamc.xyz/devtools.js:6
[ 2977393ms] [LOG] JSHandle@node @ https://embed18.streamc.xyz/devtools.js:6
[ 2977393ms] [LOG] function s(){} @ https://embed18.streamc.xyz/devtools.js:6
[ 2977393ms] [TABLE] {dep: / /} @ https://embed18.streamc.xyz/devtools.js:6
[ 2977393ms] [LOG] Mon Jul 13 2026 12:23:52 GMT+0700 (Indochina Time) @ https://embed18.streamc.xyz/devtools.js:6
[ 2977393ms] [LOG] {} @ https://embed18.streamc.xyz/devtools.js:6
[ 2977393ms] [TABLE] [Object, Object, Object, Object, Object, Object, Object, Object, Object, Object, Object, Object, Object, Object, Object, Object, Object, Object, Object, Object, Object, Object, Object, Object, Object, Object, Object, Object, Object, Object, Object, Object, Object, Object, Object, Object, Object, Object, Object, Object, Object, Object, Object, Object, Object, Object, Object, Object, Object, Object] @ https://embed18.streamc.xyz/devtools.js:6
[ 2977427ms] [LOG] [Object, Object, Object, Object, Object, Object, Object, Object, Object, Object, Object, Object, Object, Object, Object, Object, Object, Object, Object, Object, Object, Object, Object, Object, Object, Object, Object, Object, Object, Object, Object, Object, Object, Object, Object, Object, Object, Object, Object, Object, Object, Object, Object, Object, Object, Object, Object, Object, Object, Object] @ https://embed18.streamc.xyz/devtools.js:6
[ 2977427ms] [LOG] [Object, Object, Object, Object, Object, Object, Object, Object, Object, Object, Object, Object, Object, Object, Object, Object, Object, Object, Object, Object, Object, Object, Object, Object, Object, Object, Object, Object, Object, Object, Object, Object, Object, Object, Object, Object, Object, Object, Object, Object, Object, Object, Object, Object, Object, Object, Object, Object, Object, Object] @ https://embed18.streamc.xyz/devtools.js:6
[ 2977539ms] [LOG] JSHandle@node @ https://embed18.streamc.xyz/devtools.js:6
[ 2977539ms] [LOG] function s(){} @ https://embed18.streamc.xyz/devtools.js:6
[ 2977540ms] [TABLE] {dep: / /} @ https://embed18.streamc.xyz/devtools.js:6
[ 2977540ms] [LOG] Mon Jul 13 2026 12:23:52 GMT+0700 (Indochina Time) @ https://embed18.streamc.xyz/devtools.js:6
[ 2977540ms] [LOG] {} @ https://embed18.streamc.xyz/devtools.js:6
[ 2977540ms] [TABLE] [Object, Object, Object, Object, Object, Object, Object, Object, Object, Object, Object, Object, Object, Object, Object, Object, Object, Object, Object, Object, Object, Object, Object, Object, Object, Object, Object, Object, Object, Object, Object, Object, Object, Object, Object, Object, Object, Object, Object, Object, Object, Object, Object, Object, Object, Object, Object, Object, Object, Object] @ https://embed18.streamc.xyz/devtools.js:6
[ 2977572ms] [LOG] [Object, Object, Object, Object, Object, Object, Object, Object, Object, Object, Object, Object, Object, Object, Object, Object, Object, Object, Object, Object, Object, Object, Object, Object, Object, Object, Object, Object, Object, Object, Object, Object, Object, Object, Object, Object, Object, Object, Object, Object, Object, Object, Object, Object, Object, Object, Object, Object, Object, Object] @ https://embed18.streamc.xyz/devtools.js:6
[ 2977572ms] [LOG] [Object, Object, Object, Object, Object, Object, Object, Object, Object, Object, Object, Object, Object, Object, Object, Object, Object, Object, Object, Object, Object, Object, Object, Object, Object, Object, Object, Object, Object, Object, Object, Object, Object, Object, Object, Object, Object, Object, Object, Object, Object, Object, Object, Object, Object, Object, Object, Object, Object, Object] @ https://embed18.streamc.xyz/devtools.js:6
[ 2977676ms] [LOG] JSHandle@node @ https://embed18.streamc.xyz/devtools.js:6
[ 2977676ms] [LOG] function s(){} @ https://embed18.streamc.xyz/devtools.js:6
[ 2977676ms] [TABLE] {dep: / /} @ https://embed18.streamc.xyz/devtools.js:6
[ 2977676ms] [LOG] Mon Jul 13 2026 12:23:52 GMT+0700 (Indochina Time) @ https://embed18.streamc.xyz/devtools.js:6
[ 2977676ms] [LOG] {} @ https://embed18.streamc.xyz/devtools.js:6
[ 2977676ms] [TABLE] [Object, Object, Object, Object, Object, Object, Object, Object, Object, Object, Object, Object, Object, Object, Object, Object, Object, Object, Object, Object, Object, Object, Object, Object, Object, Object, Object, Object, Object, Object, Object, Object, Object, Object, Object, Object, Object, Object, Object, Object, Object, Object, Object, Object, Object, Object, Object, Object, Object, Object] @ https://embed18.streamc.xyz/devtools.js:6
[ 2977700ms] [LOG] [Object, Object, Object, Object, Object, Object, Object, Object, Object, Object, Object, Object, Object, Object, Object, Object, Object, Object, Object, Object, Object, Object, Object, Object, Object, Object, Object, Object, Object, Object, Object, Object, Object, Object, Object, Object, Object, Object, Object, Object, Object, Object, Object, Object, Object, Object, Object, Object, Object, Object] @ https://embed18.streamc.xyz/devtools.js:6
[ 2977700ms] [LOG] [Object, Object, Object, Object, Object, Object, Object, Object, Object, Object, Object, Object, Object, Object, Object, Object, Object, Object, Object, Object, Object, Object, Object, Object, Object, Object, Object, Object, Object, Object, Object, Object, Object, Object, Object, Object, Object, Object, Object, Object, Object, Object, Object, Object, Object, Object, Object, Object, Object, Object] @ https://embed18.streamc.xyz/devtools.js:6
[ 2977801ms] [LOG] JSHandle@node @ https://embed18.streamc.xyz/devtools.js:6
[ 2977801ms] [LOG] function s(){} @ https://embed18.streamc.xyz/devtools.js:6
[ 2977801ms] [TABLE] {dep: / /} @ https://embed18.streamc.xyz/devtools.js:6
[ 2977801ms] [LOG] Mon Jul 13 2026 12:23:52 GMT+0700 (Indochina Time) @ https://embed18.streamc.xyz/devtools.js:6
[ 2977801ms] [LOG] {} @ https://embed18.streamc.xyz/devtools.js:6
[ 2977801ms] [TABLE] [Object, Object, Object, Object, Object, Object, Object, Object, Object, Object, Object, Object, Object, Object, Object, Object, Object, Object, Object, Object, Object, Object, Object, Object, Object, Object, Object, Object, Object, Object, Object, Object, Object, Object, Object, Object, Object, Object, Object, Object, Object, Object, Object, Object, Object, Object, Object, Object, Object, Object] @ https://embed18.streamc.xyz/devtools.js:6
[ 2977824ms] [LOG] [Object, Object, Object, Object, Object, Object, Object, Object, Object, Object, Object, Object, Object, Object, Object, Object, Object, Object, Object, Object, Object, Object, Object, Object, Object, Object, Object, Object, Object, Object, Object, Object, Object, Object, Object, Object, Object, Object, Object, Object, Object, Object, Object, Object, Object, Object, Object, Object, Object, Object] @ https://embed18.streamc.xyz/devtools.js:6
[ 2977825ms] [LOG] [Object, Object, Object, Object, Object, Object, Object, Object, Object, Object, Object, Object, Object, Object, Object, Object, Object, Object, Object, Object, Object, Object, Object, Object, Object, Object, Object, Object, Object, Object, Object, Object, Object, Object, Object, Object, Object, Object, Object, Object, Object, Object, Object, Object, Object, Object, Object, Object, Object, Object] @ https://embed18.streamc.xyz/devtools.js:6
[ 2977939ms] [LOG] JSHandle@node @ https://embed18.streamc.xyz/devtools.js:6
[ 2977939ms] [LOG] function s(){} @ https://embed18.streamc.xyz/devtools.js:6
[ 2977939ms] [TABLE] {dep: / /} @ https://embed18.streamc.xyz/devtools.js:6
[ 2977939ms] [LOG] Mon Jul 13 2026 12:23:52 GMT+0700 (Indochina Time) @ https://embed18.streamc.xyz/devtools.js:6
[ 2977939ms] [LOG] {} @ https://embed18.streamc.xyz/devtools.js:6
[ 2977940ms] [TABLE] [Object, Object, Object, Object, Object, Object, Object, Object, Object, Object, Object, Object, Object, Object, Object, Object, Object, Object, Object, Object, Object, Object, Object, Object, Object, Object, Object, Object, Object, Object, Object, Object, Object, Object, Object, Object, Object, Object, Object, Object, Object, Object, Object, Object, Object, Object, Object, Object, Object, Object] @ https://embed18.streamc.xyz/devtools.js:6
[ 2977963ms] [LOG] [Object, Object, Object, Object, Object, Object, Object, Object, Object, Object, Object, Object, Object, Object, Object, Object, Object, Object, Object, Object, Object, Object, Object, Object, Object, Object, Object, Object, Object, Object, Object, Object, Object, Object, Object, Object, Object, Object, Object, Object, Object, Object, Object, Object, Object, Object, Object, Object, Object, Object] @ https://embed18.streamc.xyz/devtools.js:6
[ 2977963ms] [LOG] [Object, Object, Object, Object, Object, Object, Object, Object, Object, Object, Object, Object, Object, Object, Object, Object, Object, Object, Object, Object, Object, Object, Object, Object, Object, Object, Object, Object, Object, Object, Object, Object, Object, Object, Object, Object, Object, Object, Object, Object, Object, Object, Object, Object, Object, Object, Object, Object, Object, Object] @ https://embed18.streamc.xyz/devtools.js:6
[ 2978066ms] [LOG] JSHandle@node @ https://embed18.streamc.xyz/devtools.js:6
[ 2978066ms] [LOG] function s(){} @ https://embed18.streamc.xyz/devtools.js:6
[ 2978066ms] [TABLE] {dep: / /} @ https://embed18.streamc.xyz/devtools.js:6
[ 2978066ms] [LOG] Mon Jul 13 2026 12:23:52 GMT+0700 (Indochina Time) @ https://embed18.streamc.xyz/devtools.js:6
[ 2978066ms] [LOG] {} @ https://embed18.streamc.xyz/devtools.js:6
[ 2978067ms] [TABLE] [Object, Object, Object, Object, Object, Object, Object, Object, Object, Object, Object, Object, Object, Object, Object, Object, Object, Object, Object, Object, Object, Object, Object, Object, Object, Object, Object, Object, Object, Object, Object, Object, Object, Object, Object, Object, Object, Object, Object, Object, Object, Object, Object, Object, Object, Object, Object, Object, Object, Object] @ https://embed18.streamc.xyz/devtools.js:6
[ 2978090ms] [LOG] [Object, Object, Object, Object, Object, Object, Object, Object, Object, Object, Object, Object, Object, Object, Object, Object, Object, Object, Object, Object, Object, Object, Object, Object, Object, Object, Object, Object, Object, Object, Object, Object, Object, Object, Object, Object, Object, Object, Object, Object, Object, Object, Object, Object, Object, Object, Object, Object, Object, Object] @ https://embed18.streamc.xyz/devtools.js:6
[ 2978090ms] [LOG] [Object, Object, Object, Object, Object, Object, Object, Object, Object, Object, Object, Object, Object, Object, Object, Object, Object, Object, Object, Object, Object, Object, Object, Object, Object, Object, Object, Object, Object, Object, Object, Object, Object, Object, Object, Object, Object, Object, Object, Object, Object, Object, Object, Object, Object, Object, Object, Object, Object, Object] @ https://embed18.streamc.xyz/devtools.js:6
[ 2978196ms] [LOG] JSHandle@node @ https://embed18.streamc.xyz/devtools.js:6
[ 2978196ms] [LOG] function s(){} @ https://embed18.streamc.xyz/devtools.js:6
[ 2978196ms] [TABLE] {dep: / /} @ https://embed18.streamc.xyz/devtools.js:6
[ 2978196ms] [LOG] Mon Jul 13 2026 12:23:52 GMT+0700 (Indochina Time) @ https://embed18.streamc.xyz/devtools.js:6
[ 2978196ms] [LOG] {} @ https://embed18.streamc.xyz/devtools.js:6
[ 2978196ms] [TABLE] [Object, Object, Object, Object, Object, Object, Object, Object, Object, Object, Object, Object, Object, Object, Object, Object, Object, Object, Object, Object, Object, Object, Object, Object, Object, Object, Object, Object, Object, Object, Object, Object, Object, Object, Object, Object, Object, Object, Object, Object, Object, Object, Object, Object, Object, Object, Object, Object, Object, Object] @ https://embed18.streamc.xyz/devtools.js:6
[ 2978220ms] [LOG] [Object, Object, Object, Object, Object, Object, Object, Object, Object, Object, Object, Object, Object, Object, Object, Object, Object, Object, Object, Object, Object, Object, Object, Object, Object, Object, Object, Object, Object, Object, Object, Object, Object, Object, Object, Object, Object, Object, Object, Object, Object, Object, Object, Object, Object, Object, Object, Object, Object, Object] @ https://embed18.streamc.xyz/devtools.js:6
[ 2978220ms] [LOG] [Object, Object, Object, Object, Object, Object, Object, Object, Object, Object, Object, Object, Object, Object, Object, Object, Object, Object, Object, Object, Object, Object, Object, Object, Object, Object, Object, Object, Object, Object, Object, Object, Object, Object, Object, Object, Object, Object, Object, Object, Object, Object, Object, Object, Object, Object, Object, Object, Object, Object] @ https://embed18.streamc.xyz/devtools.js:6
[ 2978333ms] [LOG] JSHandle@node @ https://embed18.streamc.xyz/devtools.js:6
[ 2978333ms] [LOG] function s(){} @ https://embed18.streamc.xyz/devtools.js:6
[ 2978333ms] [TABLE] {dep: / /} @ https://embed18.streamc.xyz/devtools.js:6
[ 2978334ms] [LOG] Mon Jul 13 2026 12:23:52 GMT+0700 (Indochina Time) @ https://embed18.streamc.xyz/devtools.js:6
[ 2978334ms] [LOG] {} @ https://embed18.streamc.xyz/devtools.js:6
[ 2978334ms] [TABLE] [Object, Object, Object, Object, Object, Object, Object, Object, Object, Object, Object, Object, Object, Object, Object, Object, Object, Object, Object, Object, Object, Object, Object, Object, Object, Object, Object, Object, Object, Object, Object, Object, Object, Object, Object, Object, Object, Object, Object, Object, Object, Object, Object, Object, Object, Object, Object, Object, Object, Object] @ https://embed18.streamc.xyz/devtools.js:6
[ 2978357ms] [LOG] [Object, Object, Object, Object, Object, Object, Object, Object, Object, Object, Object, Object, Object, Object, Object, Object, Object, Object, Object, Object, Object, Object, Object, Object, Object, Object, Object, Object, Object, Object, Object, Object, Object, Object, Object, Object, Object, Object, Object, Object, Object, Object, Object, Object, Object, Object, Object, Object, Object, Object] @ https://embed18.streamc.xyz/devtools.js:6
[ 2978358ms] [LOG] [Object, Object, Object, Object, Object, Object, Object, Object, Object, Object, Object, Object, Object, Object, Object, Object, Object, Object, Object, Object, Object, Object, Object, Object, Object, Object, Object, Object, Object, Object, Object, Object, Object, Object, Object, Object, Object, Object, Object, Object, Object, Object, Object, Object, Object, Object, Object, Object, Object, Object] @ https://embed18.streamc.xyz/devtools.js:6
[ 2978461ms] [LOG] JSHandle@node @ https://embed18.streamc.xyz/devtools.js:6
[ 2978462ms] [LOG] function s(){} @ https://embed18.streamc.xyz/devtools.js:6
[ 2978462ms] [TABLE] {dep: / /} @ https://embed18.streamc.xyz/devtools.js:6
[ 2978462ms] [LOG] Mon Jul 13 2026 12:23:53 GMT+0700 (Indochina Time) @ https://embed18.streamc.xyz/devtools.js:6
[ 2978462ms] [LOG] {} @ https://embed18.streamc.xyz/devtools.js:6
[ 2978462ms] [TABLE] [Object, Object, Object, Object, Object, Object, Object, Object, Object, Object, Object, Object, Object, Object, Object, Object, Object, Object, Object, Object, Object, Object, Object, Object, Object, Object, Object, Object, Object, Object, Object, Object, Object, Object, Object, Object, Object, Object, Object, Object, Object, Object, Object, Object, Object, Object, Object, Object, Object, Object] @ https://embed18.streamc.xyz/devtools.js:6
[ 2978485ms] [LOG] [Object, Object, Object, Object, Object, Object, Object, Object, Object, Object, Object, Object, Object, Object, Object, Object, Object, Object, Object, Object, Object, Object, Object, Object, Object, Object, Object, Object, Object, Object, Object, Object, Object, Object, Object, Object, Object, Object, Object, Object, Object, Object, Object, Object, Object, Object, Object, Object, Object, Object] @ https://embed18.streamc.xyz/devtools.js:6
[ 2978485ms] [LOG] [Object, Object, Object, Object, Object, Object, Object, Object, Object, Object, Object, Object, Object, Object, Object, Object, Object, Object, Object, Object, Object, Object, Object, Object, Object, Object, Object, Object, Object, Object, Object, Object, Object, Object, Object, Object, Object, Object, Object, Object, Object, Object, Object, Object, Object, Object, Object, Object, Object, Object] @ https://embed18.streamc.xyz/devtools.js:6
[ 2978589ms] [LOG] JSHandle@node @ https://embed18.streamc.xyz/devtools.js:6
[ 2978589ms] [LOG] function s(){} @ https://embed18.streamc.xyz/devtools.js:6
[ 2978589ms] [TABLE] {dep: / /} @ https://embed18.streamc.xyz/devtools.js:6
[ 2978589ms] [LOG] Mon Jul 13 2026 12:23:53 GMT+0700 (Indochina Time) @ https://embed18.streamc.xyz/devtools.js:6
[ 2978590ms] [LOG] {} @ https://embed18.streamc.xyz/devtools.js:6
[ 2978590ms] [TABLE] [Object, Object, Object, Object, Object, Object, Object, Object, Object, Object, Object, Object, Object, Object, Object, Object, Object, Object, Object, Object, Object, Object, Object, Object, Object, Object, Object, Object, Object, Object, Object, Object, Object, Object, Object, Object, Object, Object, Object, Object, Object, Object, Object, Object, Object, Object, Object, Object, Object, Object] @ https://embed18.streamc.xyz/devtools.js:6
[ 2978614ms] [LOG] [Object, Object, Object, Object, Object, Object, Object, Object, Object, Object, Object, Object, Object, Object, Object, Object, Object, Object, Object, Object, Object, Object, Object, Object, Object, Object, Object, Object, Object, Object, Object, Object, Object, Object, Object, Object, Object, Object, Object, Object, Object, Object, Object, Object, Object, Object, Object, Object, Object, Object] @ https://embed18.streamc.xyz/devtools.js:6
[ 2978614ms] [LOG] [Object, Object, Object, Object, Object, Object, Object, Object, Object, Object, Object, Object, Object, Object, Object, Object, Object, Object, Object, Object, Object, Object, Object, Object, Object, Object, Object, Object, Object, Object, Object, Object, Object, Object, Object, Object, Object, Object, Object, Object, Object, Object, Object, Object, Object, Object, Object, Object, Object, Object] @ https://embed18.streamc.xyz/devtools.js:6
[ 2978717ms] [LOG] JSHandle@node @ https://embed18.streamc.xyz/devtools.js:6
[ 2978717ms] [LOG] function s(){} @ https://embed18.streamc.xyz/devtools.js:6
[ 2978717ms] [TABLE] {dep: / /} @ https://embed18.streamc.xyz/devtools.js:6
[ 2978717ms] [LOG] Mon Jul 13 2026 12:23:53 GMT+0700 (Indochina Time) @ https://embed18.streamc.xyz/devtools.js:6
[ 2978718ms] [LOG] {} @ https://embed18.streamc.xyz/devtools.js:6
[ 2978718ms] [TABLE] [Object, Object, Object, Object, Object, Object, Object, Object, Object, Object, Object, Object, Object, Object, Object, Object, Object, Object, Object, Object, Object, Object, Object, Object, Object, Object, Object, Object, Object, Object, Object, Object, Object, Object, Object, Object, Object, Object, Object, Object, Object, Object, Object, Object, Object, Object, Object, Object, Object, Object] @ https://embed18.streamc.xyz/devtools.js:6
[ 2978742ms] [LOG] [Object, Object, Object, Object, Object, Object, Object, Object, Object, Object, Object, Object, Object, Object, Object, Object, Object, Object, Object, Object, Object, Object, Object, Object, Object, Object, Object, Object, Object, Object, Object, Object, Object, Object, Object, Object, Object, Object, Object, Object, Object, Object, Object, Object, Object, Object, Object, Object, Object, Object] @ https://embed18.streamc.xyz/devtools.js:6
[ 2978742ms] [LOG] [Object, Object, Object, Object, Object, Object, Object, Object, Object, Object, Object, Object, Object, Object, Object, Object, Object, Object, Object, Object, Object, Object, Object, Object, Object, Object, Object, Object, Object, Object, Object, Object, Object, Object, Object, Object, Object, Object, Object, Object, Object, Object, Object, Object, Object, Object, Object, Object, Object, Object] @ https://embed18.streamc.xyz/devtools.js:6
[ 2978856ms] [LOG] JSHandle@node @ https://embed18.streamc.xyz/devtools.js:6
[ 2978857ms] [LOG] function s(){} @ https://embed18.streamc.xyz/devtools.js:6
[ 2978857ms] [TABLE] {dep: / /} @ https://embed18.streamc.xyz/devtools.js:6
[ 2978857ms] [LOG] Mon Jul 13 2026 12:23:53 GMT+0700 (Indochina Time) @ https://embed18.streamc.xyz/devtools.js:6
[ 2978857ms] [LOG] {} @ https://embed18.streamc.xyz/devtools.js:6
[ 2978857ms] [TABLE] [Object, Object, Object, Object, Object, Object, Object, Object, Object, Object, Object, Object, Object, Object, Object, Object, Object, Object, Object, Object, Object, Object, Object, Object, Object, Object, Object, Object, Object, Object, Object, Object, Object, Object, Object, Object, Object, Object, Object, Object, Object, Object, Object, Object, Object, Object, Object, Object, Object, Object] @ https://embed18.streamc.xyz/devtools.js:6
[ 2978881ms] [LOG] [Object, Object, Object, Object, Object, Object, Object, Object, Object, Object, Object, Object, Object, Object, Object, Object, Object, Object, Object, Object, Object, Object, Object, Object, Object, Object, Object, Object, Object, Object, Object, Object, Object, Object, Object, Object, Object, Object, Object, Object, Object, Object, Object, Object, Object, Object, Object, Object, Object, Object] @ https://embed18.streamc.xyz/devtools.js:6
[ 2978881ms] [LOG] [Object, Object, Object, Object, Object, Object, Object, Object, Object, Object, Object, Object, Object, Object, Object, Object, Object, Object, Object, Object, Object, Object, Object, Object, Object, Object, Object, Object, Object, Object, Object, Object, Object, Object, Object, Object, Object, Object, Object, Object, Object, Object, Object, Object, Object, Object, Object, Object, Object, Object] @ https://embed18.streamc.xyz/devtools.js:6
[ 2978984ms] [LOG] JSHandle@node @ https://embed18.streamc.xyz/devtools.js:6
[ 2978984ms] [LOG] function s(){} @ https://embed18.streamc.xyz/devtools.js:6
[ 2978984ms] [TABLE] {dep: / /} @ https://embed18.streamc.xyz/devtools.js:6
[ 2978984ms] [LOG] Mon Jul 13 2026 12:23:53 GMT+0700 (Indochina Time) @ https://embed18.streamc.xyz/devtools.js:6
[ 2978984ms] [LOG] {} @ https://embed18.streamc.xyz/devtools.js:6
[ 2978984ms] [TABLE] [Object, Object, Object, Object, Object, Object, Object, Object, Object, Object, Object, Object, Object, Object, Object, Object, Object, Object, Object, Object, Object, Object, Object, Object, Object, Object, Object, Object, Object, Object, Object, Object, Object, Object, Object, Object, Object, Object, Object, Object, Object, Object, Object, Object, Object, Object, Object, Object, Object, Object] @ https://embed18.streamc.xyz/devtools.js:6
[ 2979008ms] [LOG] [Object, Object, Object, Object, Object, Object, Object, Object, Object, Object, Object, Object, Object, Object, Object, Object, Object, Object, Object, Object, Object, Object, Object, Object, Object, Object, Object, Object, Object, Object, Object, Object, Object, Object, Object, Object, Object, Object, Object, Object, Object, Object, Object, Object, Object, Object, Object, Object, Object, Object] @ https://embed18.streamc.xyz/devtools.js:6
[ 2979008ms] [LOG] [Object, Object, Object, Object, Object, Object, Object, Object, Object, Object, Object, Object, Object, Object, Object, Object, Object, Object, Object, Object, Object, Object, Object, Object, Object, Object, Object, Object, Object, Object, Object, Object, Object, Object, Object, Object, Object, Object, Object, Object, Object, Object, Object, Object, Object, Object, Object, Object, Object, Object] @ https://embed18.streamc.xyz/devtools.js:6
[ 2979119ms] [LOG] JSHandle@node @ https://embed18.streamc.xyz/devtools.js:6
[ 2979119ms] [LOG] function s(){} @ https://embed18.streamc.xyz/devtools.js:6
[ 2979119ms] [TABLE] {dep: / /} @ https://embed18.streamc.xyz/devtools.js:6
[ 2979119ms] [LOG] Mon Jul 13 2026 12:23:53 GMT+0700 (Indochina Time) @ https://embed18.streamc.xyz/devtools.js:6
[ 2979119ms] [LOG] {} @ https://embed18.streamc.xyz/devtools.js:6
[ 2979119ms] [TABLE] [Object, Object, Object, Object, Object, Object, Object, Object, Object, Object, Object, Object, Object, Object, Object, Object, Object, Object, Object, Object, Object, Object, Object, Object, Object, Object, Object, Object, Object, Object, Object, Object, Object, Object, Object, Object, Object, Object, Object, Object, Object, Object, Object, Object, Object, Object, Object, Object, Object, Object] @ https://embed18.streamc.xyz/devtools.js:6
[ 2979142ms] [LOG] [Object, Object, Object, Object, Object, Object, Object, Object, Object, Object, Object, Object, Object, Object, Object, Object, Object, Object, Object, Object, Object, Object, Object, Object, Object, Object, Object, Object, Object, Object, Object, Object, Object, Object, Object, Object, Object, Object, Object, Object, Object, Object, Object, Object, Object, Object, Object, Object, Object, Object] @ https://embed18.streamc.xyz/devtools.js:6
[ 2979143ms] [LOG] [Object, Object, Object, Object, Object, Object, Object, Object, Object, Object, Object, Object, Object, Object, Object, Object, Object, Object, Object, Object, Object, Object, Object, Object, Object, Object, Object, Object, Object, Object, Object, Object, Object, Object, Object, Object, Object, Object, Object, Object, Object, Object, Object, Object, Object, Object, Object, Object, Object, Object] @ https://embed18.streamc.xyz/devtools.js:6
[ 2979242ms] [LOG] JSHandle@node @ https://embed18.streamc.xyz/devtools.js:6
[ 2979242ms] [LOG] function s(){} @ https://embed18.streamc.xyz/devtools.js:6
[ 2979242ms] [TABLE] {dep: / /} @ https://embed18.streamc.xyz/devtools.js:6
[ 2979243ms] [LOG] Mon Jul 13 2026 12:23:53 GMT+0700 (Indochina Time) @ https://embed18.streamc.xyz/devtools.js:6
[ 2979243ms] [LOG] {} @ https://embed18.streamc.xyz/devtools.js:6
[ 2979243ms] [TABLE] [Object, Object, Object, Object, Object, Object, Object, Object, Object, Object, Object, Object, Object, Object, Object, Object, Object, Object, Object, Object, Object, Object, Object, Object, Object, Object, Object, Object, Object, Object, Object, Object, Object, Object, Object, Object, Object, Object, Object, Object, Object, Object, Object, Object, Object, Object, Object, Object, Object, Object] @ https://embed18.streamc.xyz/devtools.js:6
[ 2979276ms] [LOG] [Object, Object, Object, Object, Object, Object, Object, Object, Object, Object, Object, Object, Object, Object, Object, Object, Object, Object, Object, Object, Object, Object, Object, Object, Object, Object, Object, Object, Object, Object, Object, Object, Object, Object, Object, Object, Object, Object, Object, Object, Object, Object, Object, Object, Object, Object, Object, Object, Object, Object] @ https://embed18.streamc.xyz/devtools.js:6
[ 2979277ms] [LOG] [Object, Object, Object, Object, Object, Object, Object, Object, Object, Object, Object, Object, Object, Object, Object, Object, Object, Object, Object, Object, Object, Object, Object, Object, Object, Object, Object, Object, Object, Object, Object, Object, Object, Object, Object, Object, Object, Object, Object, Object, Object, Object, Object, Object, Object, Object, Object, Object, Object, Object] @ https://embed18.streamc.xyz/devtools.js:6
[ 2979378ms] [LOG] JSHandle@node @ https://embed18.streamc.xyz/devtools.js:6
[ 2979378ms] [LOG] function s(){} @ https://embed18.streamc.xyz/devtools.js:6
[ 2979378ms] [TABLE] {dep: / /} @ https://embed18.streamc.xyz/devtools.js:6
[ 2979378ms] [LOG] Mon Jul 13 2026 12:23:54 GMT+0700 (Indochina Time) @ https://embed18.streamc.xyz/devtools.js:6
[ 2979378ms] [LOG] {} @ https://embed18.streamc.xyz/devtools.js:6
[ 2979378ms] [TABLE] [Object, Object, Object, Object, Object, Object, Object, Object, Object, Object, Object, Object, Object, Object, Object, Object, Object, Object, Object, Object, Object, Object, Object, Object, Object, Object, Object, Object, Object, Object, Object, Object, Object, Object, Object, Object, Object, Object, Object, Object, Object, Object, Object, Object, Object, Object, Object, Object, Object, Object] @ https://embed18.streamc.xyz/devtools.js:6
[ 2979402ms] [LOG] [Object, Object, Object, Object, Object, Object, Object, Object, Object, Object, Object, Object, Object, Object, Object, Object, Object, Object, Object, Object, Object, Object, Object, Object, Object, Object, Object, Object, Object, Object, Object, Object, Object, Object, Object, Object, Object, Object, Object, Object, Object, Object, Object, Object, Object, Object, Object, Object, Object, Object] @ https://embed18.streamc.xyz/devtools.js:6
[ 2979402ms] [LOG] [Object, Object, Object, Object, Object, Object, Object, Object, Object, Object, Object, Object, Object, Object, Object, Object, Object, Object, Object, Object, Object, Object, Object, Object, Object, Object, Object, Object, Object, Object, Object, Object, Object, Object, Object, Object, Object, Object, Object, Object, Object, Object, Object, Object, Object, Object, Object, Object, Object, Object] @ https://embed18.streamc.xyz/devtools.js:6
[ 2979500ms] [LOG] JSHandle@node @ https://embed18.streamc.xyz/devtools.js:6
[ 2979500ms] [LOG] function s(){} @ https://embed18.streamc.xyz/devtools.js:6
[ 2979500ms] [TABLE] {dep: / /} @ https://embed18.streamc.xyz/devtools.js:6
[ 2979500ms] [LOG] Mon Jul 13 2026 12:23:54 GMT+0700 (Indochina Time) @ https://embed18.streamc.xyz/devtools.js:6
[ 2979500ms] [LOG] {} @ https://embed18.streamc.xyz/devtools.js:6
[ 2979501ms] [TABLE] [Object, Object, Object, Object, Object, Object, Object, Object, Object, Object, Object, Object, Object, Object, Object, Object, Object, Object, Object, Object, Object, Object, Object, Object, Object, Object, Object, Object, Object, Object, Object, Object, Object, Object, Object, Object, Object, Object, Object, Object, Object, Object, Object, Object, Object, Object, Object, Object, Object, Object] @ https://embed18.streamc.xyz/devtools.js:6
[ 2979524ms] [LOG] [Object, Object, Object, Object, Object, Object, Object, Object, Object, Object, Object, Object, Object, Object, Object, Object, Object, Object, Object, Object, Object, Object, Object, Object, Object, Object, Object, Object, Object, Object, Object, Object, Object, Object, Object, Object, Object, Object, Object, Object, Object, Object, Object, Object, Object, Object, Object, Object, Object, Object] @ https://embed18.streamc.xyz/devtools.js:6
[ 2979524ms] [LOG] [Object, Object, Object, Object, Object, Object, Object, Object, Object, Object, Object, Object, Object, Object, Object, Object, Object, Object, Object, Object, Object, Object, Object, Object, Object, Object, Object, Object, Object, Object, Object, Object, Object, Object, Object, Object, Object, Object, Object, Object, Object, Object, Object, Object, Object, Object, Object, Object, Object, Object] @ https://embed18.streamc.xyz/devtools.js:6
[ 2979626ms] [LOG] JSHandle@node @ https://embed18.streamc.xyz/devtools.js:6
[ 2979626ms] [LOG] function s(){} @ https://embed18.streamc.xyz/devtools.js:6
[ 2979626ms] [TABLE] {dep: / /} @ https://embed18.streamc.xyz/devtools.js:6
[ 2979626ms] [LOG] Mon Jul 13 2026 12:23:54 GMT+0700 (Indochina Time) @ https://embed18.streamc.xyz/devtools.js:6
[ 2979626ms] [LOG] {} @ https://embed18.streamc.xyz/devtools.js:6
[ 2979626ms] [TABLE] [Object, Object, Object, Object, Object, Object, Object, Object, Object, Object, Object, Object, Object, Object, Object, Object, Object, Object, Object, Object, Object, Object, Object, Object, Object, Object, Object, Object, Object, Object, Object, Object, Object, Object, Object, Object, Object, Object, Object, Object, Object, Object, Object, Object, Object, Object, Object, Object, Object, Object] @ https://embed18.streamc.xyz/devtools.js:6
[ 2979650ms] [LOG] [Object, Object, Object, Object, Object, Object, Object, Object, Object, Object, Object, Object, Object, Object, Object, Object, Object, Object, Object, Object, Object, Object, Object, Object, Object, Object, Object, Object, Object, Object, Object, Object, Object, Object, Object, Object, Object, Object, Object, Object, Object, Object, Object, Object, Object, Object, Object, Object, Object, Object] @ https://embed18.streamc.xyz/devtools.js:6
[ 2979650ms] [LOG] [Object, Object, Object, Object, Object, Object, Object, Object, Object, Object, Object, Object, Object, Object, Object, Object, Object, Object, Object, Object, Object, Object, Object, Object, Object, Object, Object, Object, Object, Object, Object, Object, Object, Object, Object, Object, Object, Object, Object, Object, Object, Object, Object, Object, Object, Object, Object, Object, Object, Object] @ https://embed18.streamc.xyz/devtools.js:6
[ 2979756ms] [LOG] JSHandle@node @ https://embed18.streamc.xyz/devtools.js:6
[ 2979756ms] [LOG] function s(){} @ https://embed18.streamc.xyz/devtools.js:6
[ 2979756ms] [TABLE] {dep: / /} @ https://embed18.streamc.xyz/devtools.js:6
[ 2979756ms] [LOG] Mon Jul 13 2026 12:23:54 GMT+0700 (Indochina Time) @ https://embed18.streamc.xyz/devtools.js:6
[ 2979756ms] [LOG] {} @ https://embed18.streamc.xyz/devtools.js:6
[ 2979757ms] [TABLE] [Object, Object, Object, Object, Object, Object, Object, Object, Object, Object, Object, Object, Object, Object, Object, Object, Object, Object, Object, Object, Object, Object, Object, Object, Object, Object, Object, Object, Object, Object, Object, Object, Object, Object, Object, Object, Object, Object, Object, Object, Object, Object, Object, Object, Object, Object, Object, Object, Object, Object] @ https://embed18.streamc.xyz/devtools.js:6
[ 2979780ms] [LOG] [Object, Object, Object, Object, Object, Object, Object, Object, Object, Object, Object, Object, Object, Object, Object, Object, Object, Object, Object, Object, Object, Object, Object, Object, Object, Object, Object, Object, Object, Object, Object, Object, Object, Object, Object, Object, Object, Object, Object, Object, Object, Object, Object, Object, Object, Object, Object, Object, Object, Object] @ https://embed18.streamc.xyz/devtools.js:6
[ 2979780ms] [LOG] [Object, Object, Object, Object, Object, Object, Object, Object, Object, Object, Object, Object, Object, Object, Object, Object, Object, Object, Object, Object, Object, Object, Object, Object, Object, Object, Object, Object, Object, Object, Object, Object, Object, Object, Object, Object, Object, Object, Object, Object, Object, Object, Object, Object, Object, Object, Object, Object, Object, Object] @ https://embed18.streamc.xyz/devtools.js:6
[ 2979893ms] [LOG] JSHandle@node @ https://embed18.streamc.xyz/devtools.js:6
[ 2979893ms] [LOG] function s(){} @ https://embed18.streamc.xyz/devtools.js:6
[ 2979893ms] [TABLE] {dep: / /} @ https://embed18.streamc.xyz/devtools.js:6
[ 2979893ms] [LOG] Mon Jul 13 2026 12:23:54 GMT+0700 (Indochina Time) @ https://embed18.streamc.xyz/devtools.js:6
[ 2979893ms] [LOG] {} @ https://embed18.streamc.xyz/devtools.js:6
[ 2979894ms] [TABLE] [Object, Object, Object, Object, Object, Object, Object, Object, Object, Object, Object, Object, Object, Object, Object, Object, Object, Object, Object, Object, Object, Object, Object, Object, Object, Object, Object, Object, Object, Object, Object, Object, Object, Object, Object, Object, Object, Object, Object, Object, Object, Object, Object, Object, Object, Object, Object, Object, Object, Object] @ https://embed18.streamc.xyz/devtools.js:6
[ 2979918ms] [LOG] [Object, Object, Object, Object, Object, Object, Object, Object, Object, Object, Object, Object, Object, Object, Object, Object, Object, Object, Object, Object, Object, Object, Object, Object, Object, Object, Object, Object, Object, Object, Object, Object, Object, Object, Object, Object, Object, Object, Object, Object, Object, Object, Object, Object, Object, Object, Object, Object, Object, Object] @ https://embed18.streamc.xyz/devtools.js:6
[ 2979919ms] [LOG] [Object, Object, Object, Object, Object, Object, Object, Object, Object, Object, Object, Object, Object, Object, Object, Object, Object, Object, Object, Object, Object, Object, Object, Object, Object, Object, Object, Object, Object, Object, Object, Object, Object, Object, Object, Object, Object, Object, Object, Object, Object, Object, Object, Object, Object, Object, Object, Object, Object, Object] @ https://embed18.streamc.xyz/devtools.js:6
[ 2980023ms] [LOG] JSHandle@node @ https://embed18.streamc.xyz/devtools.js:6
[ 2980024ms] [LOG] function s(){} @ https://embed18.streamc.xyz/devtools.js:6
[ 2980024ms] [TABLE] {dep: / /} @ https://embed18.streamc.xyz/devtools.js:6
[ 2980024ms] [LOG] Mon Jul 13 2026 12:23:54 GMT+0700 (Indochina Time) @ https://embed18.streamc.xyz/devtools.js:6
[ 2980024ms] [LOG] {} @ https://embed18.streamc.xyz/devtools.js:6
[ 2980024ms] [TABLE] [Object, Object, Object, Object, Object, Object, Object, Object, Object, Object, Object, Object, Object, Object, Object, Object, Object, Object, Object, Object, Object, Object, Object, Object, Object, Object, Object, Object, Object, Object, Object, Object, Object, Object, Object, Object, Object, Object, Object, Object, Object, Object, Object, Object, Object, Object, Object, Object, Object, Object] @ https://embed18.streamc.xyz/devtools.js:6
[ 2980048ms] [LOG] [Object, Object, Object, Object, Object, Object, Object, Object, Object, Object, Object, Object, Object, Object, Object, Object, Object, Object, Object, Object, Object, Object, Object, Object, Object, Object, Object, Object, Object, Object, Object, Object, Object, Object, Object, Object, Object, Object, Object, Object, Object, Object, Object, Object, Object, Object, Object, Object, Object, Object] @ https://embed18.streamc.xyz/devtools.js:6
[ 2980048ms] [LOG] [Object, Object, Object, Object, Object, Object, Object, Object, Object, Object, Object, Object, Object, Object, Object, Object, Object, Object, Object, Object, Object, Object, Object, Object, Object, Object, Object, Object, Object, Object, Object, Object, Object, Object, Object, Object, Object, Object, Object, Object, Object, Object, Object, Object, Object, Object, Object, Object, Object, Object] @ https://embed18.streamc.xyz/devtools.js:6
[ 2980157ms] [LOG] JSHandle@node @ https://embed18.streamc.xyz/devtools.js:6
[ 2980157ms] [LOG] function s(){} @ https://embed18.streamc.xyz/devtools.js:6
[ 2980157ms] [TABLE] {dep: / /} @ https://embed18.streamc.xyz/devtools.js:6
[ 2980157ms] [LOG] Mon Jul 13 2026 12:23:54 GMT+0700 (Indochina Time) @ https://embed18.streamc.xyz/devtools.js:6
[ 2980157ms] [LOG] {} @ https://embed18.streamc.xyz/devtools.js:6
[ 2980157ms] [TABLE] [Object, Object, Object, Object, Object, Object, Object, Object, Object, Object, Object, Object, Object, Object, Object, Object, Object, Object, Object, Object, Object, Object, Object, Object, Object, Object, Object, Object, Object, Object, Object, Object, Object, Object, Object, Object, Object, Object, Object, Object, Object, Object, Object, Object, Object, Object, Object, Object, Object, Object] @ https://embed18.streamc.xyz/devtools.js:6
[ 2980181ms] [LOG] [Object, Object, Object, Object, Object, Object, Object, Object, Object, Object, Object, Object, Object, Object, Object, Object, Object, Object, Object, Object, Object, Object, Object, Object, Object, Object, Object, Object, Object, Object, Object, Object, Object, Object, Object, Object, Object, Object, Object, Object, Object, Object, Object, Object, Object, Object, Object, Object, Object, Object] @ https://embed18.streamc.xyz/devtools.js:6
[ 2980181ms] [LOG] [Object, Object, Object, Object, Object, Object, Object, Object, Object, Object, Object, Object, Object, Object, Object, Object, Object, Object, Object, Object, Object, Object, Object, Object, Object, Object, Object, Object, Object, Object, Object, Object, Object, Object, Object, Object, Object, Object, Object, Object, Object, Object, Object, Object, Object, Object, Object, Object, Object, Object] @ https://embed18.streamc.xyz/devtools.js:6
[ 2980609ms] [LOG] %c ArtPlayer %c 5.4.0 %c https://artplayer.org color: #fff; background: #5f5f5f color: #fff; background: #4bc729  @ https://player.phimapi.com/player/assets/artplayer.js?v=1780335844:6
[ 3000835ms] [LOG] JQMIGRATE: Migrate is installed, version 3.4.1 @ https://motchilltv.uno/wp-includes/js/jquery/jquery-migrate.min.js?ver=3.4.1:1
[ 3001470ms] [LOG] %c ArtPlayer %c 5.4.0 %c https://artplayer.org color: #fff; background: #5f5f5f color: #fff; background: #4bc729  @ https://player.phimapi.com/player/assets/artplayer.js?v=1780335844:6
[ 3824067ms] [LOG] JQMIGRATE: Migrate is installed, version 3.4.1 @ https://motchilltv.uno/wp-includes/js/jquery/jquery-migrate.min.js?ver=3.4.1:1
[ 3824837ms] [LOG] %c ArtPlayer %c 5.4.0 %c https://artplayer.org color: #fff; background: #5f5f5f color: #fff; background: #4bc729  @ https://player.phimapi.com/player/assets/artplayer.js?v=1780335844:6
